,StockCode,Leadtime_days,Satefy_days
0,85048,56,28
1,79323P,57,29
2,79323W,54,27
3,22041,81,41
4,21232,79,40
5,22064,38,19
6,21871,9,5
7,21523,89,45
8,22350,61,31
9,22349,20,10
10,22195,89,45
11,22353,48,24
12,48173C,50,25
13,21755,6,3
14,21754,5,3
15,84879,24,12
16,22119,31,16
17,22142,7,4
18,22296,44,22
19,22295,18,9
20,22109,10,5
21,22107,62,31
22,22194,87,44
23,35004B,54,27
24,82582,11,6
25,21181,53,27
26,21756,72,36
27,21333,5,3
28,84596F,1,1
29,84596L,62,31
30,22111,76,38
31,22143,63,32
32,22145,3,2
33,22130,71,36
34,21364,46,23
35,21360,80,40
36,21351,5,3
37,21352,77,39
38,35400,33,17
39,20695,80,40
40,37370,61,31
41,10002,42,21
42,84507B,49,25
43,20703,35,18
44,21987,51,26
45,21989,40,20
46,84970S,78,39
47,20971,5,3
48,22271,10,5
49,22272,7,4
50,22274,48,24
51,21912,65,33
52,22112,80,40
53,21329,23,12
54,21252,54,27
55,21100,67,34
56,21033,28,14
57,20711,27,14
58,21410,9,5
59,21411,47,24
60,84031A,74,37
61,84031B,70,35
62,84032A,62,31
63,84032B,22,11
64,84519A,81,41
65,84519B,14,7
66,85132A,75,38
67,85132C,83,42
68,85183A,6,3
69,85183B,13,7
70,22065,16,8
71,22138,21,11
72,22139,2,1
73,22352,53,27
74,85014A,40,20
75,85014B,21,11
76,16161P,46,23
77,16169N,21,11
78,21491,23,12
79,22333,37,19
80,85216,65,33
81,21493,48,24
82,21731,46,23
83,85232B,77,39
84,84691,25,13
85,20749,76,38
86,POST,54,27
87,22321,61,31
88,84029E,8,4
89,21955,76,38
90,84899E,25,13
91,85123A,14,7
92,21582,63,32
93,21586,4,2
94,21590,24,12
95,22091,75,38
96,84251J,12,6
97,22024,7,4
98,22026,51,26
99,22029,49,25
100,22025,33,17
101,22031,16,8
102,21428,42,21
103,21430,20,10
104,21916,32,16
105,21790,62,31
106,21888,21,11
107,85178,19,10
108,20754,8,4
109,21035,43,22
110,82001S,56,28
111,82580,34,17
112,85150,63,32
113,21041,12,6
114,35916C,51,26
115,35916B,42,21
116,22180,34,17
117,22128,36,18
118,22163,39,20
119,35951,53,27
120,22253,4,2
121,84988,52,26
122,22219,22,11
123,18097C,63,32
124,21299,25,13
125,21099,89,45
126,21085,51,26
127,21929,81,41
128,22241,77,39
129,21091,44,22
130,21733,10,5
131,22178,72,36
132,22125,16,8
133,21671,33,17
134,22086,3,2
135,22294,86,43
136,22199,62,31
137,22083,57,29
138,22114,82,41
139,21485,39,20
140,21928,45,23
141,85099B,59,30
142,22356,42,21
143,20724,62,31
144,21592,18,9
145,20725,87,44
146,20728,72,36
147,20726,34,17
148,21217,42,21
149,85066,10,5
150,20827,81,41
151,20825,89,45
152,20823,36,18
153,20826,59,30
154,22087,33,17
155,85206A,80,40
156,21895,82,41
157,21896,67,34
158,84946,8,4
159,22090,44,22
160,21977,66,33
161,84991,85,43
162,22273,89,45
163,22179,27,14
164,22320,57,29
165,22232,48,24
166,84598,38,19
167,79323S,74,37
168,84568,25,13
169,21668,38,19
170,21669,51,26
171,21670,33,17
172,21672,39,20
173,21673,3,2
174,85071A,41,21
175,85071B,57,29
176,21161,66,33
177,21162,30,15
178,21248,9,5
179,21159,17,9
180,82494L,66,33
181,82486,19,10
182,82483,45,23
183,90200D,82,41
184,90200E,15,8
185,21212,40,20
186,72756,84,42
187,22063,31,16
188,37450,36,18
189,90200A,37,19
190,90200C,20,10
191,90200B,40,20
192,90185C,35,18
193,90185B,10,5
194,90003C,80,40
195,90003D,25,13
196,90003B,21,11
197,90209C,43,22
198,90209A,84,42
199,90082D,34,17
200,21707,75,38
201,21710,86,43
202,21708,78,39
203,21706,17,9
204,21711,86,43
205,20747,88,44
206,20752,78,39
207,20753,66,33
208,20751,63,32
209,48185,77,39
210,21481,32,16
211,85042,75,38
212,72760B,56,28
213,21482,83,42
214,21484,67,34
215,20967,26,13
216,20970,79,40
217,84582,2,1
218,20972,83,42
219,84327A,49,25
220,21490,52,26
221,21063,76,38
222,21058,75,38
223,84997D,33,17
224,84997C,27,14
225,22301,70,35
226,22300,35,18
227,21231,60,30
228,20870,29,15
229,90121B,7,4
230,90175A,62,31
231,90195B,81,41
232,90062,44,22
233,21930,7,4
234,21472,45,23
235,47566B,43,22
236,22275,64,32
237,21479,60,30
238,21791,15,8
239,71477,9,5
240,37449,68,34
241,37446,44,22
242,21258,84,42
243,20892,69,35
244,47591D,44,22
245,21867,3,2
246,82551,27,14
247,82567,33,17
248,82613D,54,27
249,21179,42,21
250,21865,85,43
251,72783,73,37
252,20719,13,7
253,21869,29,15
254,21876,76,38
255,84849B,54,27
256,21864,85,43
257,21470,82,41
258,20897,26,13
259,44230,33,17
260,37485,3,2
261,84997A,8,4
262,21245,21,11
263,21241,39,20
264,21705,88,44
265,21913,17,9
266,16207A,63,32
267,21821,19,10
268,22319,38,19
269,21584,45,23
270,21931,18,9
271,47591A,12,6
272,84997B,12,6
273,22122,62,31
274,21837,55,28
275,84951A,1,1
276,22335,9,5
277,85129A,53,27
278,84791,68,34
279,21244,23,12
280,20675,68,34
281,82616B,85,43
282,22276,89,45
283,84912B,37,19
284,85014C,70,35
285,85014D,31,16
286,21326,72,36
287,84949,31,16
288,21908,40,20
289,21371,14,7
290,85152,76,38
291,21133,4,2
292,20984,31,16
293,20982,89,45
294,84971L,18,9
295,90168,40,20
296,84884A,47,24
297,90013C,57,29
298,90023,88,44
299,90067A,75,38
300,90067B,20,10
301,90145,85,43
302,90000A,73,37
303,90024B,56,28
304,90036D,81,41
305,90134,41,21
306,90131,48,24
307,90199C,41,21
308,35751C,79,40
309,72739B,64,32
310,22212,8,4
311,48187,23,12
312,48195,6,3
313,72741,79,40
314,85232D,27,14
315,20828,38,19
316,22080,4,2
317,22082,64,32
318,21784,22,11
319,21172,30,15
320,82600,60,30
321,22282,9,5
322,21842,21,11
323,22089,41,21
324,20734,42,21
325,35071,45,23
326,22121,19,10
327,84836,65,33
328,37492A,37,19
329,10133,11,6
330,22113,28,14
331,20782,3,2
332,22190,1,1
333,84029G,20,10
334,21489,16,8
335,20987,62,31
336,20989,58,29
337,21868,88,44
338,21875,87,44
339,21826,24,12
340,21827,4,2
341,21828,12,6
342,16225,56,28
343,21829,54,27
344,21638,35,18
345,22218,11,6
346,22222,31,16
347,22305,49,25
348,22304,50,25
349,22302,69,35
350,22303,86,43
351,22127,5,3
352,21143,32,16
353,21639,11,6
354,22154,20,10
355,22155,52,26
356,21889,40,20
357,85045,49,25
358,85044,63,32
359,21587,83,42
360,21588,89,45
361,21818,33,17
362,21819,31,16
363,21817,47,24
364,48111,62,31
365,20685,20,10
366,48194,24,12
367,21495,44,22
368,47505,35,18
369,10135,68,34
370,37492C,21,11
371,20677,76,38
372,20676,66,33
373,21086,75,38
374,21948,20,10
375,21833,55,28
376,21832,54,27
377,22315,10,5
378,21870,31,16
379,22115,86,43
380,21166,27,14
381,21175,69,35
382,21174,39,20
383,22197,49,25
384,21094,77,39
385,72724,84,42
386,22103,44,22
387,37424,18,9
388,21136,31,16
389,21238,74,37
390,21240,70,35
391,21239,86,43
392,84007,86,43
393,84012,17,9
394,22077,80,40
395,85049A,60,30
396,85049E,18,9
397,22075,29,15
398,22076,44,22
399,79323LP,62,31
400,79342B,11,6
401,79341,84,42
402,85226C,12,6
403,85227,28,14
404,21976,38,19
405,21498,60,30
406,84948,23,12
407,21537,41,21
408,20718,31,16
409,21539,71,36
410,16169F,28,14
411,21527,62,31
412,21533,66,33
413,21531,65,33
414,20914,79,40
415,21242,57,29
416,21535,71,36
417,21844,10,5
418,22073,54,27
419,22072,60,30
420,15056BL,72,36
421,15056N,69,35
422,22254,9,5
423,22255,64,32
424,46000S,85,43
425,20964,22,11
426,21788,53,27
427,21789,1,1
428,20682,49,25
429,84832,31,16
430,85063,64,32
431,48129,1,1
432,22030,55,28
433,21081,86,43
434,20773,70,35
435,20767,76,38
436,22028,76,38
437,20622,71,36
438,21122,40,20
439,21124,41,21
440,20657,63,32
441,16156N,3,2
442,20673,73,37
443,84520B,16,8
444,20619,26,13
445,21866,79,40
446,20660,35,18
447,20777,67,34
448,20774,27,14
449,22037,28,14
450,22036,87,44
451,21726,45,23
452,21544,56,28
453,21004,48,24
454,84402D,5,3
455,84660B,16,8
456,21429,35,18
457,72754B,50,25
458,21500,43,22
459,21431,25,13
460,20748,35,18
461,72802B,37,19
462,79029,71,36
463,21591,17,9
464,72801E,44,22
465,21034,86,43
466,85049D,48,24
467,21985,59,30
468,21980,53,27
469,16235,56,28
470,84347,84,42
471,84990,3,2
472,85231E,78,39
473,85231B,53,27
474,72008,35,18
475,22071,10,5
476,22070,31,16
477,84270,71,36
478,85049C,14,7
479,84352,35,18
480,79067,13,7
481,22203,52,26
482,21353,10,5
483,21540,65,33
484,21538,45,23
485,21534,30,15
486,85053,41,21
487,22118,84,42
488,21375,11,6
489,22186,12,6
490,47504K,9,5
491,47504F,9,5
492,21809,30,15
493,21186,72,36
494,21611,74,37
495,21480,89,45
496,85170A,30,15
497,85033S,86,43
498,35991,80,40
499,22185,88,44
500,21786,77,39
501,84388,22,11
502,21918,32,16
503,51012C,47,24
504,84671B,85,43
505,21747,7,4
506,22330,11,6
507,84375,12,6
508,84952B,67,34
509,20961,78,39
510,20960,65,33
511,20966,38,19
512,17164D,41,21
513,21890,24,12
514,85170D,62,31
515,17091J,17,9
516,20975,55,28
517,21440,80,40
518,22174,82,41
519,22150,64,32
520,22147,83,42
521,21356,34,17
522,21357,44,22
523,21677,81,41
524,21680,77,39
525,21730,87,44
526,70007,42,21
527,70006,16,8
528,21650,89,45
529,21892,28,14
530,20655,76,38
531,21990,30,15
532,21934,10,5
533,21578,86,43
534,21579,73,37
535,21577,10,5
536,20713,66,33
537,20712,75,38
538,16047,37,19
539,21561,19,10
540,20814,87,44
541,22068,9,5
542,21377,5,3
543,21379,52,26
544,20956,34,17
545,21018,39,20
546,35995,31,16
547,22355,64,32
548,21581,47,24
549,20727,36,18
550,21071,42,21
551,21068,54,27
552,22189,28,14
553,48179,2,1
554,48188,73,37
555,48184,64,32
556,21777,82,41
557,20969,41,21
558,20968,64,32
559,21737,32,16
560,84899F,6,3
561,84898F,6,3
562,22207,24,12
563,21016,10,5
564,20829,12,6
565,85231G,61,31
566,21407,83,42
567,72800F,27,14
568,21993,32,16
569,21486,9,5
570,21813,26,13
571,21812,4,2
572,21488,89,45
573,75013B,46,23
574,72800E,51,26
575,72801G,58,29
576,72801F,22,11
577,21732,33,17
578,85041,37,19
579,85040B,21,11
580,37461,28,14
581,21700,14,7
582,20692,82,41
583,16237,25,13
584,37410,9,5
585,84251F,46,23
586,21080,36,18
587,21967,77,39
588,22110,78,39
589,84977,35,18
590,18010,24,12
591,22152,56,28
592,72267,5,3
593,22081,34,17
594,22079,68,34
595,20758,29,15
596,20756,60,30
597,21126,61,31
598,21125,28,14
599,22102,16,8
600,35955,75,38
601,35954,50,25
602,35957,52,26
603,84050,17,9
604,47568,68,34
605,84782A,21,11
606,84782C,55,28
607,22169,66,33
608,84933A,37,19
609,84933B,66,33
610,22201,39,20
611,37503,67,34
612,21593,7,4
613,22085,42,21
614,85099C,78,39
615,22348,3,2
616,85061W,15,8
617,21781,73,37
618,20768,10,5
619,21082,3,2
620,47591B,43,22
621,22196,61,31
622,22131,62,31
623,20804,47,24
624,21115,22,11
625,21067,69,35
626,22134,43,22
627,22132,44,22
628,20963,78,39
629,84670,79,40
630,21559,51,26
631,21558,1,1
632,35004P,86,43
633,21321,22,11
634,22281,55,28
635,21320,82,41
636,21187,63,32
637,79000,43,22
638,84706F,57,29
639,84968C,63,32
640,84968F,34,17
641,84968B,47,24
642,85231L,21,11
643,21618,77,39
644,21615,42,21
645,21619,89,45
646,21612,71,36
647,85049B,51,26
648,85049G,88,44
649,21770,53,27
650,37500,29,15
651,21637,28,14
652,21901,74,37
653,21900,36,18
654,21902,80,40
655,21223,40,20
656,85049H,46,23
657,21576,32,16
658,21580,33,17
659,20866,69,35
660,20867,78,39
661,20979,84,42
662,20983,34,17
663,20981,24,12
664,20977,5,3
665,20974,31,16
666,21114,27,14
667,85232A,74,37
668,35971,64,32
669,21740,71,36
670,21624,76,38
671,21738,11,6
672,22280,14,7
673,21841,85,43
674,21621,85,43
675,21622,44,22
676,20750,11,6
677,82482,46,23
678,20665,25,13
679,84837,73,37
680,21439,55,28
681,16169D,23,12
682,16169C,38,19
683,21017,1,1
684,21210,83,42
685,21039,27,14
686,21432,76,38
687,21424,2,1
688,21426,56,28
689,21891,19,10
690,21098,28,14
691,22415,69,35
692,17165D,45,23
693,17165B,49,25
694,85208,53,27
695,90090,2,1
696,90092,27,14
697,16161C,77,39
698,35160,59,30
699,17108D,61,31
700,21805,8,4
701,90125A,7,4
702,84578,72,36
703,84901,50,25
704,35931,4,2
705,35933,30,15
706,90087,15,8
707,90085,32,16
708,90093,36,18
709,90084,80,40
710,90088,47,24
711,21807,58,29
712,21806,89,45
713,21815,64,32
714,21816,36,18
715,35051B,88,44
716,22153,40,20
717,20943,46,23
718,72816,1,1
719,85038,29,15
720,20978,59,30
721,20942,7,4
722,84559A,37,19
723,84466,53,27
724,20994,13,7
725,20992,41,21
726,84077,13,7
727,84029C,51,26
728,22336,69,35
729,22156,76,38
730,22338,71,36
731,21825,86,43
732,21822,66,33
733,22277,9,5
734,35979,79,40
735,47566,15,8
736,21344,66,33
737,21477,1,1
738,85047,57,29
739,20681,78,39
740,84648,22,11
741,84472,2,1
742,84910A,55,28
743,84656,9,5
744,84580,10,5
745,84622,51,26
746,22151,89,45
747,35962,3,2
748,22337,83,42
749,90125C,1,1
750,90125D,37,19
751,90214H,68,34
752,20901,21,11
753,22172,39,20
754,85067,33,17
755,21156,59,30
756,72127,87,44
757,84992,67,34
758,84929,63,32
759,21649,72,36
760,21463,83,42
761,85162A,25,13
762,21761,66,33
763,84839,28,14
764,85064,32,16
765,84706C,71,36
766,21804,10,5
767,85036C,78,39
768,22162,41,21
769,22297,69,35
770,85104,58,29
771,84813,66,33
772,20894,5,3
773,72799D,83,42
774,21741,51,26
775,85071D,34,17
776,21724,44,22
777,21524,59,30
778,48197,8,4
779,84684,74,37
780,20812,79,40
781,22035,53,27
782,21508,75,38
783,22027,39,20
784,85059,9,5
785,21465,38,19
786,21466,35,18
787,21467,38,19
788,21471,7,4
789,21314,9,5
790,84975,87,44
791,21949,14,7
792,21947,55,28
793,21528,72,36
794,21548,11,6
795,21684,75,38
796,21549,58,29
797,21545,66,33
798,21547,70,35
799,85054,61,31
800,21532,79,40
801,21530,8,4
802,37444A,69,35
803,37444B,47,24
804,22042,14,7
805,84247C,35,18
806,22034,12,6
807,84754,33,17
808,21313,17,9
809,84509A,17,9
810,84510A,51,26
811,84340,32,16
812,21625,37,19
813,18096C,65,33
814,85147,72,36
815,37444C,40,20
816,85055,81,41
817,85028L,71,36
818,85028S,22,11
819,21214,68,34
820,84985B,67,34
821,84985A,33,17
822,47021G,17,9
823,21911,73,37
824,21070,44,22
825,21066,56,28
826,21069,85,43
827,21986,13,7
828,22325,39,20
829,20940,29,15
830,72798C,3,2
831,40018F,63,32
832,40018E,78,39
833,85176,52,26
834,21893,69,35
835,21745,78,39
836,17084J,44,22
837,71279,9,5
838,21417,73,37
839,22088,67,34
840,22093,49,25
841,84288B,34,17
842,35924,46,23
843,20941,30,15
844,21553,27,14
845,21554,82,41
846,22215,50,25
847,21260,54,27
848,21015,51,26
849,21014,51,26
850,21917,62,31
851,22069,52,26
852,47591C,78,39
853,21743,79,40
854,21744,14,7
855,21385,55,28
856,85099F,62,31
857,35001G,58,29
858,84855,38,19
859,84854,83,42
860,21216,15,8
861,21243,58,29
862,21155,85,43
863,21412,21,11
864,72799F,54,27
865,72799E,62,31
866,72799C,54,27
867,21499,87,44
868,21246,54,27
869,21247,17,9
870,85136C,81,41
871,21218,28,14
872,21975,73,37
873,21213,10,5
874,72799B,27,14
875,84970L,14,7
876,21768,35,18
877,84984D,54,27
878,84773,87,44
879,84601A,39,20
880,85174,80,40
881,71028B,58,29
882,84755,74,37
883,72140F,74,37
884,84950,35,18
885,85175,11,6
886,72487,21,11
887,84360,39,20
888,21335,17,9
889,35001W,7,4
890,84396,85,43
891,72753A,85,43
892,72750C,48,24
893,85211,12,6
894,84341B,39,20
895,22211,57,29
896,22283,74,37
897,22187,59,30
898,21735,74,37
899,22120,17,9
900,48189,33,17
901,48116,54,27
902,21257,76,38
903,21767,34,17
904,85068,62,31
905,22171,22,11
906,72349B,36,18
907,84596K,64,32
908,84596E,80,40
909,84596G,49,25
910,37448,86,43
911,37447,38,19
912,22055,75,38
913,22062,62,31
914,84596B,22,11
915,22347,4,2
916,84507C,80,40
917,84508A,42,21
918,79302M,52,26
919,37502,34,17
920,84534B,8,4
921,84535B,27,14
922,84536B,80,40
923,17012A,71,36
924,17129D,44,22
925,20616,35,18
926,20618,56,28
927,20652,16,8
928,20654,14,7
929,20659,57,29
930,20674,86,43
931,20694,10,5
932,20714,29,15
933,20729,84,42
934,20739,66,33
935,20761,40,20
936,20780,34,17
937,20783,6,3
938,20798,30,15
939,20799,77,39
940,20832,28,14
941,20863,32,16
942,20865,63,32
943,20886,22,11
944,20888,21,11
945,20903,50,25
946,20980,43,22
947,20991,19,10
948,21012,71,36
949,21025,45,23
950,21055,42,21
951,21064,74,37
952,21108,68,34
953,21110,78,39
954,21116,38,19
955,21134,75,38
956,21145,50,25
957,21154,8,4
958,21160,27,14
959,21164,5,3
960,21165,32,16
961,21173,85,43
962,21185,24,12
963,21191,22,11
964,21198,49,25
965,21249,9,5
966,21251,67,34
967,21255,25,13
968,21256,54,27
969,21259,5,3
970,21266,14,7
971,21283,44,22
972,21284,65,33
973,21291,4,2
974,21328,36,18
975,21330,12,6
976,21348,69,35
977,21396,85,43
978,21444,61,31
979,21445,17,9
980,21494,9,5
981,21506,57,29
982,21519,46,23
983,21520,20,10
984,21529,31,16
985,21541,39,20
986,21542,86,43
987,21543,61,31
988,21557,24,12
989,21626,73,37
990,21642,42,21
991,21643,83,42
992,21647,70,35
993,21648,25,13
994,10123C,32,16
995,10123G,60,30
996,10125,60,30
997,11001,85,43
998,15034,84,42
999,15044C,37,19
1000,15044D,5,3
1001,15059A,83,42
1002,21679,57,29
1003,21687,14,7
1004,21688,27,14
1005,21694,34,17
1006,21704,25,13
1007,21719,6,3
1008,21721,63,32
1009,21722,21,11
1010,21725,33,17
1011,21746,43,22
1012,21773,35,18
1013,21808,59,30
1014,21843,46,23
1015,21883,3,2
1016,21897,64,32
1017,21899,88,44
1018,21935,14,7
1019,21942,19,10
1020,21945,56,28
1021,22054,82,41
1022,22108,24,12
1023,84380,18,9
1024,22117,4,2
1025,22133,1,1
1026,22135,33,17
1027,22141,50,25
1028,22144,39,20
1029,22149,48,24
1030,22173,9,5
1031,22177,20,10
1032,22198,12,6
1033,22208,62,31
1034,22224,85,43
1035,22261,33,17
1036,22262,29,15
1037,22286,31,16
1038,22288,77,39
1039,22289,2,1
1040,22311,68,34
1041,22312,15,8
1042,22324,86,43
1043,30086C,84,42
1044,35004S,55,28
1045,35471A,66,33
1046,35471D,32,16
1047,35594,59,30
1048,35598B,81,41
1049,35599D,22,11
1050,35600D,35,18
1051,35961,29,15
1052,37422,13,7
1053,37462B,43,22
1054,37464,16,8
1055,37489C,23,12
1056,37508,87,44
1057,47471,48,24
1058,47587A,40,20
1059,47598,36,18
1060,51014A,81,41
1061,51014C,31,16
1062,71143,78,39
1063,72051S,55,28
1064,72598,55,28
1065,72800A,53,27
1066,72802C,75,38
1067,72807A,50,25
1068,72807B,8,4
1069,72807C,56,28
1070,77081,89,45
1071,79026B,46,23
1072,79030A,59,30
1073,79160,85,43
1074,79164,74,37
1075,79303D,88,44
1076,82076,64,32
1077,82093,58,29
1078,82553,15,8
1079,82578,56,28
1080,82583,79,40
1081,82607C,44,22
1082,82613B,45,23
1083,84006,76,38
1084,84030C,26,13
1085,84251G,2,1
1086,84279B,78,39
1087,84313B,62,31
1088,84378,67,34
1089,84459A,59,30
1090,84510B,57,29
1091,84535A,30,15
1092,84536A,25,13
1093,84558A,84,42
1094,84673B,51,26
1095,84686,25,13
1096,84750A,47,24
1097,84877B,50,25
1098,84902,83,42
1099,84926C,4,2
1100,84931A,76,38
1101,84937,84,42
1102,84944,67,34
1103,85015,78,39
1104,85016,62,31
1105,85017A,86,43
1106,85017C,89,45
1107,85026B,26,13
1108,85031A,61,31
1109,85031B,24,12
1110,85031C,76,38
1111,85033G,49,25
1112,85034B,2,1
1113,85039A,16,8
1114,85086A,32,16
1115,85112,43,22
1116,85114B,32,16
1117,85116,43,22
1118,85124A,25,13
1119,85129D,51,26
1120,85130A,23,12
1121,85135B,3,2
1122,85136A,41,21
1123,85180B,25,13
1124,85184C,73,37
1125,85184D,48,24
1126,85185B,40,20
1127,85185D,40,20
1128,85186A,3,2
1129,85186C,2,1
1130,85199S,74,37
1131,85217,73,37
1132,90000D,21,11
1133,90005A,49,25
1134,90039D,53,27
1135,90040D,49,25
1136,90081C,40,20
1137,90120C,42,21
1138,90158,58,29
1139,90171,56,28
1140,90175C,55,28
1141,90184B,54,27
1142,90188,35,18
1143,90192,85,43
1144,90206C,12,6
1145,90208,29,15
1146,DCGS0058,53,27
1147,DCGS0068,41,21
1148,DOT,82,41
1149,85090,42,21
1150,21121,18,9
1151,90167,4,2
1152,72023F,18,9
1153,85172,69,35
1154,21469,88,44
1155,21898,40,20
1156,20771,63,32
1157,72815,76,38
1158,47504G,71,36
1159,84986B,36,18
1160,20684,74,37
1161,85006,61,31
1162,85199L,71,36
1163,21556,70,35
1164,82081,27,14
1165,47504E,55,28
1166,84934,33,17
1167,21877,11,6
1168,21398,61,31
1169,16161U,22,11
1170,21497,85,43
1171,22051,43,22
1172,22116,61,31
1173,21042,46,23
1174,20615,24,12
1175,20887,11,6
1176,20913,86,43
1177,21560,41,21
1178,35004G,45,23
1179,35832,4,2
1180,71053,84,42
1181,72349b,5,3
1182,72529w,84,42
1183,72807c,55,28
1184,79072,29,15
1185,84797b,84,42
1186,22165,73,37
1187,22166,64,32
1188,37340,45,23
1189,84872a,16,8
1190,84873a,71,36
1191,85114b,11,6
1192,18096c,25,13
1193,21192,88,44
1194,84797a,69,35
1195,85014b,21,11
1196,85132a,45,23
1197,18098c,42,21
1198,20661,42,21
1199,48173c,82,41
1200,79070b,88,44
1201,84030c,50,25
1202,84558a,86,43
1203,21478,68,34
1204,22058,34,17
1205,22308,53,27
1206,47518f,24,12
1207,15056bl,9,5
1208,21153,46,23
1209,21189,7,4
1210,21307,19,10
1211,35004c,19,10
1212,17181,52,26
1213,21596,79,40
1214,21658,26,13
1215,35965,29,15
1216,84796b,17,9
1217,85040a,20,10
1218,85127,24,12
1219,85164b,54,27
1220,M,17,9
1221,21349,26,13
1222,21914,57,29
1223,21200,25,13
1224,21201,35,18
1225,21419,11,6
1226,22136,76,38
1227,84705b,42,21
1228,84767,86,43
1229,20784,59,30
1230,21157,34,17
1231,22200,88,44
1232,35004s,15,8
1233,84509c,15,8
1234,84951b,53,27
1235,22193,32,16
1236,22340,3,2
1237,35793,20,10
1238,37482p,41,21
1239,79321,21,11
1240,85114c,48,24
1241,21820,42,21
1242,22318,68,34
1243,46000P,27,14
1244,46000M,12,6
1245,21685,26,13
1246,84658,31,16
1247,21692,84,42
1248,21691,17,9
1249,90199B,40,20
1250,21814,17,9
1251,47570B,26,13
1252,20658,33,17
1253,21355,8,4
1254,72814,73,37
1255,85125,20,10
1256,85126,11,6
1257,72529W,30,15
1258,21795,2,1
1259,21796,2,1
1260,15036,7,4
1261,21742,14,7
1262,21221,44,22
1263,84559B,73,37
1264,84559D,80,40
1265,15056P,50,25
1266,84199,80,40
1267,17003,59,30
1268,16238,26,13
1269,35085E,11,6
1270,10120,60,30
1271,17164B,22,11
1272,20723,46,23
1273,47503K,9,5
1274,47503J,52,26
1275,47556B,74,37
1276,84987,36,18
1277,85008,81,41
1278,84709B,35,18
1279,35095A,12,6
1280,82581,66,33
1281,20830,24,12
1282,35095B,62,31
1283,20831,51,26
1284,84533B,29,15
1285,84792,70,35
1286,21272,86,43
1287,84406B,41,21
1288,22214,56,28
1289,90010E,8,4
1290,90178A,22,11
1291,84814B,48,24
1292,85036B,23,12
1293,79328,31,16
1294,22044,1,1
1295,18098C,71,36
1296,21112,6,3
1297,21111,64,32
1298,85034A,80,40
1299,21640,25,13
1300,20716,74,37
1301,20730,78,39
1302,22167,45,23
1303,37343,57,29
1304,22231,9,5
1305,21031,70,35
1306,21589,44,22
1307,20770,44,22
1308,22023,42,21
1309,21839,24,12
1310,20776,10,5
1311,20679,79,40
1312,22191,31,16
1313,22192,63,32
1314,82597,85,43
1315,21350,87,44
1316,40016,77,39
1317,15044B,26,13
1318,79323GR,41,21
1319,79323B,58,29
1320,79323G,19,10
1321,84358,7,4
1322,22101,54,27
1323,84920,66,33
1324,21811,79,40
1325,16156S,87,44
1326,20765,64,32
1327,21137,49,25
1328,22246,53,27
1329,51008,81,41
1330,21107,75,38
1331,84509B,29,15
1332,22339,86,43
1333,21810,47,24
1334,79534,78,39
1335,82615,2,1
1336,21354,38,19
1337,22095,27,14
1338,20934,47,24
1339,21610,31,16
1340,72802A,66,33
1341,35004C,62,31
1342,85220,83,42
1343,21341,29,15
1344,21323,69,35
1345,21504,24,12
1346,21340,74,37
1347,21347,29,15
1348,84947,42,21
1349,22184,32,16
1350,71459,30,15
1351,84371,68,34
1352,21734,12,6
1353,22181,64,32
1354,21448,52,26
1355,22322,89,45
1356,84795C,43,22
1357,21304,69,35
1358,21752,15,8
1359,35649,29,15
1360,35646,36,18
1361,35651,18,9
1362,35648,56,28
1363,16212,2,1
1364,35096A,70,35
1365,85222,68,34
1366,85230F,49,25
1367,21286,24,12
1368,21359,31,16
1369,22216,68,34
1370,85065,74,37
1371,21703,22,11
1372,21205,33,17
1373,84692,78,39
1374,22049,76,38
1375,84926B,54,27
1376,21464,76,38
1377,20668,68,34
1378,21009,87,44
1379,84562B,34,17
1380,75049L,70,35
1381,22148,73,37
1382,84078A,12,6
1383,20772,84,42
1384,21709,43,22
1385,22278,78,39
1386,84925E,19,10
1387,84925A,52,26
1388,21739,18,9
1389,47503F,71,36
1390,90042B,37,19
1391,90042A,67,34
1392,84989A,58,29
1393,85113,13,7
1394,85107,13,7
1395,20976,16,8
1396,85049F,67,34
1397,85170C,65,33
1398,85039B,80,40
1399,21078,67,34
1400,84292,34,17
1401,21981,67,34
1402,17109A,44,22
1403,17109C,79,40
1404,20998,56,28
1405,21645,8,4
1406,21026,61,31
1407,22344,87,44
1408,22346,57,29
1409,22345,75,38
1410,22343,45,23
1411,17084R,80,40
1412,21838,37,19
1413,21983,3,2
1414,85135A,61,31
1415,79191C,22,11
1416,72796A,88,44
1417,72796B,59,30
1418,85035C,70,35
1419,85035A,35,18
1420,20869,21,11
1421,79190B,26,13
1422,90214S,58,29
1423,90214J,12,6
1424,16258B,56,28
1425,20986,14,7
1426,20985,6,3
1427,37348,58,29
1428,72817,7,4
1429,22279,17,9
1430,21992,52,26
1431,18097B,18,9
1432,85221,48,24
1433,84526,44,22
1434,22096,6,3
1435,85088,39,20
1436,37474,15,8
1437,21933,79,40
1438,21932,9,5
1439,84532B,67,34
1440,21163,36,18
1441,21663,66,33
1442,72811,26,13
1443,22175,71,36
1444,22176,64,32
1445,84802B,75,38
1446,84597C,58,29
1447,84520D,84,42
1448,84925C,58,29
1449,82552,79,40
1450,21609,20,10
1451,21102,78,39
1452,20621,21,11
1453,21312,56,28
1454,21617,7,4
1455,22123,38,19
1456,22313,36,18
1457,82616C,12,6
1458,20686,55,28
1459,21253,82,41
1460,72803A,76,38
1461,47580,81,41
1462,35599B,11,6
1463,37501,49,25
1464,84968E,84,42
1465,84660C,75,38
1466,79065A,4,2
1467,37476,58,29
1468,22354,47,24
1469,84623,74,37
1470,84619,17,9
1471,21628,28,14
1472,79320,66,33
1473,22227,44,22
1474,84405A,48,24
1475,21729,33,17
1476,20889,6,3
1477,21327,48,24
1478,21425,1,1
1479,21614,7,4
1480,21135,75,38
1481,21106,57,29
1482,21007,75,38
1483,79329,80,40
1484,85103,80,40
1485,82616A,54,27
1486,16012,69,35
1487,84249D,62,31
1488,22202,45,23
1489,79192A,21,11
1490,22046,4,2
1491,17033,10,5
1492,21882,15,8
1493,21884,10,5
1494,21881,66,33
1495,21880,56,28
1496,79336,79,40
1497,22331,84,42
1498,85097B,41,21
1499,85111,54,27
1500,21507,12,6
1501,22157,88,44
1502,84952C,15,8
1503,21518,65,33
1504,84600,63,32
1505,84510C,55,28
1506,17109B,26,13
1507,20669,10,5
1508,21681,45,23
1509,84828,28,14
1510,10138,82,41
1511,35981C,88,44
1512,84510F,20,10
1513,20736,75,38
1514,85162C,83,42
1515,47579,34,17
1516,21337,66,33
1517,72484,31,16
1518,37494A,13,7
1519,20906,46,23
1520,85032A,16,8
1521,85018D,77,39
1522,84708B,70,35
1523,21391,19,10
1524,90035C,27,14
1525,90082A,18,9
1526,21077,74,37
1527,90035B,48,24
1528,79163,87,44
1529,72779,46,23
1530,85230G,78,39
1531,72024U,73,37
1532,84969,46,23
1533,22309,66,33
1534,21973,88,44
1535,35918B,76,38
1536,85032D,6,3
1537,20990,47,24
1538,35914,28,14
1539,47590A,17,9
1540,35610B,19,10
1541,85164B,29,15
1542,85168B,22,11
1543,85168A,77,39
1544,21924,40,20
1545,84795E,49,25
1546,21937,61,31
1547,22047,37,19
1548,21676,73,37
1549,85226A,40,20
1550,78056,50,25
1551,21146,82,41
1552,22084,72,36
1553,85177,64,32
1554,22097,68,34
1555,90125E,47,24
1556,90129B,50,25
1557,21552,24,12
1558,84874B,54,27
1559,72754D,52,26
1560,20818,36,18
1561,18007,1,1
1562,85185C,49,25
1563,21551,66,33
1564,84497,52,26
1565,84625C,73,37
1566,47592A,88,44
1567,47593B,6,3
1568,21158,6,3
1569,47420,32,16
1570,22170,87,44
1571,37506,43,22
1572,22129,42,21
1573,21632,25,13
1574,47503G,80,40
1575,84620,62,31
1576,22341,22,11
1577,22342,87,44
1578,72818,86,43
1579,90148,42,21
1580,90139,28,14
1581,90203,21,11
1582,90180A,65,33
1583,90147,44,22
1584,90155,81,41
1585,84688,23,12
1586,21390,3,2
1587,35809B,73,37
1588,35810B,86,43
1589,90214A,56,28
1590,22061,24,12
1591,21972,83,42
1592,21211,24,12
1593,90002E,26,13
1594,90002B,8,4
1595,90002D,3,2
1596,90002C,74,37
1597,90175D,82,41
1598,90190A,63,32
1599,90072,88,44
1600,90073,48,24
1601,47570,78,39
1602,84247K,22,11
1603,21468,51,26
1604,85185F,44,22
1605,21655,85,43
1606,47556,77,39
1607,22210,25,13
1608,84818,18,9
1609,21010,8,4
1610,71038,70,35
1611,21873,6,3
1612,21872,6,3
1613,21874,55,28
1614,85159B,17,9
1615,85169B,46,23
1616,85170B,53,27
1617,85212,65,33
1618,72739C,40,20
1619,72740A,48,24
1620,81952V,42,21
1621,82599,8,4
1622,82613C,50,25
1623,84711B,6,3
1624,84971S,53,27
1625,85098B,54,27
1626,85130D,62,31
1627,85135C,89,45
1628,90018B,31,16
1629,90065A,2,1
1630,90071,36,18
1631,90133,27,14
1632,90179B,48,24
1633,90181B,21,11
1634,90195A,87,44
1635,90197B,36,18
1636,90201B,16,8
1637,90202B,20,10
1638,90211B,20,10
1639,21894,71,36
1640,22183,61,31
1641,22314,70,35
1642,35609A,60,30
1643,37379A,54,27
1644,37423,76,38
1645,37482P,1,1
1646,37492B,83,42
1647,46775A,23,12
1648,84081,21,11
1649,21665,36,18
1650,21666,3,2
1651,21683,49,25
1652,21853,32,16
1653,21860,29,15
1654,21936,57,29
1655,21974,20,10
1656,21984,58,29
1657,21991,89,45
1658,21641,62,31
1659,20996,42,21
1660,21129,66,33
1661,21144,33,17
1662,21195,2,1
1663,21220,26,13
1664,21372,33,17
1665,21384,38,19
1666,21408,63,32
1667,16236,40,20
1668,16243B,84,42
1669,16244A,23,12
1670,17096,87,44
1671,20617,55,28
1672,20620,29,15
1673,20671,87,44
1674,20672,83,42
1675,20701,88,44
1676,20737,59,30
1677,20845,75,38
1678,20954,56,28
1679,90010B,20,10
1680,90011D,31,16
1681,90013B,82,41
1682,90019A,36,18
1683,90024E,2,1
1684,90025E,39,20
1685,90027D,10,5
1686,90033,14,7
1687,90034,43,22
1688,90059A,26,13
1689,90124A,87,44
1690,90160B,76,38
1691,90161B,55,28
1692,90161C,80,40
1693,90164B,69,35
1694,90181C,11,6
1695,90183C,31,16
1696,90212B,34,17
1697,85114C,53,27
1698,85166A,76,38
1699,10002R,35,18
1700,16202A,10,5
1701,16239,43,22
1702,22230,1,1
1703,22248,84,42
1704,22260,9,5
1705,22269,17,9
1706,22293,55,28
1707,35096B,35,18
1708,35598D,40,20
1709,35653,54,27
1710,35966,18,9
1711,35967,61,31
1712,35968,33,17
1713,35969,28,14
1714,37467,32,16
1715,47503A,53,27
1716,79051A,20,10
1717,79191D,26,13
1718,79303B,13,7
1719,82585,81,41
1720,82605,7,4
1721,82613A,6,3
1722,84429A,51,26
1723,84569A,62,31
1724,84569C,48,24
1725,84673A,59,30
1726,84683,4,2
1727,84685,83,42
1728,84712B,17,9
1729,84907,40,20
1730,84913B,60,30
1731,85017B,39,20
1732,17039,29,15
1733,18094C,61,31
1734,20653,32,16
1735,20735,32,16
1736,20764,49,25
1737,20778,62,31
1738,20862,78,39
1739,20878,17,9
1740,20933,7,4
1741,20950,87,44
1742,21040,3,2
1743,21065,11,6
1744,21193,89,45
1745,21267,37,19
1746,21294,79,40
1747,21563,81,41
1748,21595,42,21
1749,21659,50,25
1750,21675,46,23
1751,21678,79,40
1752,21717,34,17
1753,21723,32,16
1754,21775,87,44
1755,21801,87,44
1756,21802,6,3
1757,21803,4,2
1758,21823,40,20
1759,21824,14,7
1760,21846,13,7
1761,21851,66,33
1762,21944,71,36
1763,22067,37,19
1764,22094,43,22
1765,22099,58,29
1766,22100,83,42
1767,21695,81,41
1768,21358,67,34
1769,21262,53,27
1770,16202B,3,2
1771,20905,14,7
1772,46775B,11,6
1773,47578A,59,30
1774,85151,41,21
1775,20693,6,3
1776,84705D,67,34
1777,84247J,6,3
1778,35241,38,19
1779,22265,83,42
1780,79030G,29,15
1781,21171,68,34
1782,85129C,15,8
1783,21388,48,24
1784,84705A,73,37
1785,85163A,7,4
1786,85165,44,22
1787,84705F,43,22
1788,21281,22,11
1789,21279,42,21
1790,21613,34,17
1791,84690,79,40
1792,21282,6,3
1793,72351A,49,25
1794,85080,4,2
1795,35603C,36,18
1796,20793,15,8
1797,84750B,39,20
1798,84765,53,27
1799,47563A,11,6
1800,37477B,89,45
1801,85025C,56,28
1802,35911A,33,17
1803,82011B,37,19
1804,21555,18,9
1805,37327,6,3
1806,84875A,61,31
1807,35821P,75,38
1808,62018,60,30
1809,22220,35,18
1810,90129C,48,24
1811,20988,9,5
1812,84572,28,14
1813,17084N,13,7
1814,21011,12,6
1815,21550,3,2
1816,47569,47,24
1817,17084G,75,38
1818,10080,54,27
1819,21849,58,29
1820,20871,77,39
1821,21118,57,29
1822,35751D,42,21
1823,72038P,61,31
1824,72750A,56,28
1825,35015,24,12
1826,90014C,32,16
1827,20819,49,25
1828,16202E,21,11
1829,16201B,17,9
1830,16201A,14,7
1831,20696,70,35
1832,85089,54,27
1833,40046A,15,8
1834,22182,59,30
1835,16202C,46,23
1836,85224,87,44
1837,22078,47,24
1838,85007,26,13
1839,21076,34,17
1840,22059,6,3
1841,84569D,35,18
1842,22209,61,31
1843,21402,14,7
1844,21403,4,2
1845,21285,46,23
1846,17136A,26,13
1847,82607A,37,19
1848,82607E,81,41
1849,72369A,45,23
1850,72351B,8,4
1851,22228,21,11
1852,21438,46,23
1853,22270,3,2
1854,22284,65,33
1855,21206,49,25
1856,21203,34,17
1857,21188,87,44
1858,85179C,48,24
1859,85179A,10,5
1860,85180A,79,40
1861,21123,71,36
1862,85185E,30,15
1863,16169M,8,4
1864,21629,75,38
1865,21769,47,24
1866,21696,74,37
1867,21693,48,24
1868,21651,66,33
1869,84993B,54,27
1870,85040A,52,26
1871,90083,26,13
1872,16215,75,38
1873,21380,7,4
1874,15039,38,19
1875,84627,53,27
1876,21276,77,39
1877,22310,2,1
1878,21620,1,1
1879,21690,65,33
1880,84537B,61,31
1881,22033,42,21
1882,22032,16,8
1883,16161M,18,9
1884,21450,19,10
1885,84763,36,18
1886,35810A,17,9
1887,35809A,4,2
1888,35811A,10,5
1889,21054,7,4
1890,21056,36,18
1891,20702,16,8
1892,21303,89,45
1893,85131A,48,24
1894,21657,39,20
1895,85078,45,23
1896,84745A,36,18
1897,84745B,3,2
1898,22292,5,3
1899,22287,78,39
1900,84882,81,41
1901,21427,41,21
1902,22332,6,3
1903,22053,66,33
1904,21982,65,33
1905,10109,62,31
1906,21910,25,13
1907,37345,54,27
1908,22204,69,35
1909,84509G,47,24
1910,21564,26,13
1911,84687,8,4
1912,21536,27,14
1913,90214C,59,30
1914,90214D,39,20
1915,35953,5,3
1916,21127,50,25
1917,21306,89,45
1918,84415B,80,40
1919,85083,65,33
1920,37333,1,1
1921,84989B,35,18
1922,72799A,53,27
1923,85173,11,6
1924,21644,85,43
1925,35824C,11,6
1926,35817B,15,8
1927,84875D,75,38
1928,46000U,79,40
1929,84255B,56,28
1930,46776F,62,31
1931,15060B,89,45
1932,84912A,58,29
1933,84922,15,8
1934,21000,28,14
1935,90190B,54,27
1936,90019C,9,5
1937,90024C,37,19
1938,90011B,84,42
1939,90012B,11,6
1940,85023B,34,17
1941,21509,51,26
1942,79190D,46,23
1943,79190A,5,3
1944,10134,83,42
1945,21051,24,12
1946,72803B,47,24
1947,47592B,14,7
1948,84548,52,26
1949,84676,7,4
1950,16015,64,32
1951,20847,55,28
1952,20902,8,4
1953,20910,87,44
1954,21194,62,31
1955,21207,74,37
1956,21250,64,32
1957,21293,16,8
1958,21311,42,21
1959,21630,52,26
1960,21634,2,1
1961,21656,86,43
1962,21774,67,34
1963,21903,50,25
1964,21923,16,8
1965,21950,17,9
1966,22057,54,27
1967,22323,62,31
1968,35611B,80,40
1969,35915C,85,43
1970,46118,77,39
1971,47481,81,41
1972,47504H,84,42
1973,47504J,83,42
1974,47594B,10,5
1975,71406C,54,27
1976,78124,34,17
1977,79315W,30,15
1978,84247L,48,24
1979,84250M,58,29
1980,84306,43,22
1981,84584,88,44
1982,84638,53,27
1983,84659A,78,39
1984,84675,41,21
1985,84968A,5,3
1986,85039C,74,37
1987,85121B,60,30
1988,85136B,71,36
1989,90010A,7,4
1990,90011A,59,30
1991,90012A,55,28
1992,90013A,24,12
1993,90028,9,5
1994,90035A,38,19
1995,90036A,59,30
1996,90040A,20,10
1997,90040B,70,35
1998,90059D,32,16
1999,90063B,59,30
2000,90176A,10,5
2001,90180B,6,3
2002,90185D,28,14
2003,90186A,31,16
2004,90187B,54,27
2005,DCGS0004,72,36
2006,DCGS0076,56,28
2007,16244B,31,16
2008,84706B,11,6
2009,22334,57,29
2010,37441,44,22
2011,20893,66,33
2012,22074,47,24
2013,20733,52,26
2014,21682,3,2
2015,21392,29,15
2016,35958,38,19
2017,84725,86,43
2018,84721,69,35
2019,72045D,28,14
2020,84247G,74,37
2021,84581,64,32
2022,79338,46,23
2023,21728,74,37
2024,21324,83,42
2025,21667,51,26
2026,21288,31,16
2027,22098,15,8
2028,47562,48,24
2029,22291,69,35
2030,84906,6,3
2031,21389,46,23
2032,20738,50,25
2033,16014,51,26
2034,16016,73,37
2035,85079,89,45
2036,21447,30,15
2037,84761,50,25
2038,21446,33,17
2039,21422,86,43
2040,22164,74,37
2041,21664,25,13
2042,84595E,41,21
2043,51012L,10,5
2044,21224,69,35
2045,22158,26,13
2046,85167A,9,5
2047,20861,35,18
2048,84680,46,23
2049,21381,33,17
2050,20855,32,16
2051,81950B,24,12
2052,20854,76,38
2053,81950V,30,15
2054,90036C,14,7
2055,85036A,81,41
2056,84030E,81,41
2057,84508B,61,31
2058,45008C,65,33
2059,84562A,17,9
2060,84880,48,24
2061,84993A,1,1
2062,C2,64,32
2063,90089,40,20
2064,85179B,46,23
2065,21654,82,41
2066,21316,10,5
2067,22299,71,36
2068,46776B,14,7
2069,84625A,10,5
2070,84625D,44,22
2071,46126A,62,31
2072,84356,1,1
2073,22045,84,42
2074,22048,42,21
2075,22050,50,25
2076,22052,12,6
2077,51014L,33,17
2078,20760,6,3
2079,22040,8,4
2080,22223,13,7
2081,84945,16,8
2082,90014B,42,21
2083,90022,68,34
2084,90070,47,24
2085,90123D,24,12
2086,90130C,68,34
2087,90163A,70,35
2088,90164A,56,28
2089,90165B,79,40
2090,90174,71,36
2091,16256B,9,5
2092,17129F,15,8
2093,20699,20,10
2094,20707,46,23
2095,35840,21,11
2096,35964,45,23
2097,35972,51,26
2098,37495,29,15
2099,46776A,61,31
2100,71403,44,22
2101,72819,82,41
2102,79191B,60,30
2103,84661C,54,27
2104,84762A,64,32
2105,84762B,19,10
2106,84858A,83,42
2107,84926F,62,31
2108,85020,8,4
2109,85034C,38,19
2110,85060,76,38
2111,85128,2,1
2112,85195,29,15
2113,20781,24,12
2114,20898,36,18
2115,20993,85,43
2116,21130,74,37
2117,21147,54,27
2118,21219,31,16
2119,21261,22,11
2120,21292,38,19
2121,21336,79,40
2122,21397,89,45
2123,21443,59,30
2124,21633,36,18
2125,21720,88,44
2126,21736,27,14
2127,21785,82,41
2128,21854,28,14
2129,21879,80,40
2130,22060,20,10
2131,17109D,37,19
2132,72755D,29,15
2133,79406,4,2
2134,84846A,61,31
2135,17107D,66,33
2136,16169P,5,3
2137,84932A,79,40
2138,84932B,85,43
2139,84932C,32,16
2140,84932D,42,21
2141,84933C,63,32
2142,16169K,21,11
2143,47599A,17,9
2144,20717,75,38
2145,22258,63,32
2146,37408,60,30
2147,16011,29,15
2148,21215,10,5
2149,84795D,5,3
2150,37112,29,15
2151,84425A,59,30
2152,85087,41,21
2153,21462,7,4
2154,21399,75,38
2155,79144B,87,44
2156,20837,14,7
2157,85096,1,1
2158,84625B,65,33
2159,20688,67,34
2160,84469,58,29
2161,21661,43,22
2162,21662,30,15
2163,21274,75,38
2164,21332,3,2
2165,20766,69,35
2166,84924D,16,8
2167,84924A,7,4
2168,84916,31,16
2169,85019C,72,36
2170,72801D,1,1
2171,21280,62,31
2172,35597D,76,38
2173,84926E,5,3
2174,84926D,27,14
2175,72800D,51,26
2176,72800B,36,18
2177,21627,76,38
2178,20762,70,35
2179,16046,81,41
2180,79413,47,24
2181,51020B,18,9
2182,17001,63,32
2183,85032C,29,15
2184,75149N,19,10
2185,22317,80,40
2186,22066,64,32
2187,21779,83,42
2188,37492D,54,27
2189,84427B,56,28
2190,21032,81,41
2191,21027,43,22
2192,16216,30,15
2193,84509F,2,1
2194,84509C,73,37
2195,47013C,60,30
2196,21373,19,10
2197,85023A,72,36
2198,85024C,49,25
2199,85024A,63,32
2200,21915,50,25
2201,72754A,44,22
2202,84705C,72,36
2203,85166B,60,30
2204,16049,15,8
2205,21287,22,11
2206,21635,53,27
2207,21636,72,36
2208,72753B,60,30
2209,84569B,42,21
2210,84608,23,12
2211,84753A,52,26
2212,46776D,10,5
2213,72586,61,31
2214,72122,73,37
2215,84978,32,16
2216,35633B,46,23
2217,21456,11,6
2218,21457,40,20
2219,21458,25,13
2220,22146,20,10
2221,84452,87,44
2222,84456,25,13
2223,22229,72,36
2224,90040C,37,19
2225,21109,78,39
2226,90011C,32,16
2227,90130B,30,15
2228,90210C,82,41
2229,90210D,54,27
2230,90210A,41,21
2231,35932,68,34
2232,21830,73,37
2233,84508C,6,3
2234,72751A,24,12
2235,72751B,79,40
2236,72752B,25,13
2237,72752A,9,5
2238,20879,83,42
2239,21852,36,18
2240,79149B,53,27
2241,84830,39,20
2242,21338,84,42
2243,35271S,72,36
2244,21300,64,32
2245,17014C,72,36
2246,37482B,71,36
2247,85117,12,6
2248,21028,83,42
2249,21331,78,39
2250,84279P,50,25
2251,90184A,80,40
2252,90184C,53,27
2253,21418,7,4
2254,85142,46,23
2255,84586L,62,31
2256,16219,38,19
2257,85214,21,11
2258,22263,59,30
2259,20868,35,18
2260,84593,33,17
2261,84592,75,38
2262,85197,82,41
2263,90196B,17,9
2264,90196A,80,40
2265,90029,79,40
2266,90141E,8,4
2267,90141A,12,6
2268,90141C,85,43
2269,20704,1,1
2270,90126A,83,42
2271,90001D,26,13
2272,90161D,23,12
2273,90161A,54,27
2274,90160D,84,42
2275,40046C,30,15
2276,47351B,52,26
2277,21376,32,16
2278,84212,28,14
2279,84918,44,22
2280,21421,65,33
2281,90214M,75,38
2282,44242B,80,40
2283,85132B,65,33
2284,21905,27,14
2285,84467,48,24
2286,85035B,85,43
2287,82587,31,16
2288,90122B,55,28
2289,72805,31,16
2290,84893,24,12
2291,21059,23,12
2292,20864,73,37
2293,20857,86,43
2294,20856,6,3
2295,77101A,14,7
2296,90115,77,39
2297,72232,86,43
2298,72780,85,43
2299,35443,44,22
2300,85144,36,18
2301,21765,58,29
2302,84576,67,34
2303,84826,3,2
2304,22043,50,25
2305,21268,74,37
2306,21988,67,34
2307,84482,38,19
2308,22285,49,25
2309,84845C,2,1
2310,84845D,57,29
2311,84845A,81,41
2312,20833,82,41
2313,20775,64,32
2314,84206A,49,25
2315,84206C,23,12
2316,84201B,33,17
2317,90152B,5,3
2318,90150,41,21
2319,90159,57,29
2320,20662,4,2
2321,40001,7,4
2322,90060F,65,33
2323,90060C,21,11
2324,90060D,34,17
2325,84819,32,16
2326,21265,87,44
2327,21084,50,25
2328,84795A,76,38
2329,35909B,32,16
2330,20936,41,21
2331,35833P,79,40
2332,35833G,22,11
2333,84795B,12,6
2334,84952A,58,29
2335,17091F,76,38
2336,17091B,26,13
2337,17091A,45,23
2338,90214T,47,24
2339,90214R,86,43
2340,90214L,16,8
2341,90214N,86,43
2342,35976B,20,10
2343,84789,20,10
2344,35537,12,6
2345,21370,17,9
2346,21652,26,13
2347,21204,23,12
2348,84051,21,11
2349,72753C,48,24
2350,72753D,85,43
2351,21308,10,5
2352,47554,8,4
2353,21906,71,36
2354,85071C,80,40
2355,84741C,77,39
2356,21697,74,37
2357,90111,63,32
2358,90112,89,45
2359,21689,31,16
2360,20757,72,36
2361,20763,83,42
2362,20769,4,2
2363,84870B,79,40
2364,20731,40,20
2365,47590B,9,5
2366,85025B,73,37
2367,15044A,9,5
2368,85200,76,38
2369,85194L,38,19
2370,84454,49,25
2371,85196,3,2
2372,85198,55,28
2373,22256,70,35
2374,22267,47,24
2375,84459B,10,5
2376,22105,63,32
2377,21714,72,36
2378,35598A,67,34
2379,20755,59,30
2380,90002A,60,30
2381,90214K,10,5
2382,84661A,15,8
2383,84925D,34,17
2384,47016,38,19
2385,72128,12,6
2386,16259,17,9
2387,16020C,65,33
2388,47347B,47,24
2389,84522,66,33
2390,84746,43,22
2391,20705,86,43
2392,90100,29,15
2393,90099,30,15
2394,20700,75,38
2395,21365,5,3
2396,21395,54,27
2397,21319,63,32
2398,72750D,64,32
2399,35838A,27,14
2400,16161E,18,9
2401,17061,4,2
2402,17084P,84,42
2403,21674,35,18
2404,22124,1,1
2405,47593A,29,15
2406,81985A,20,10
2407,21400,21,11
2408,21401,59,30
2409,21222,39,20
2410,84663A,66,33
2411,21199,88,44
2412,84744,62,31
2413,84029D,75,38
2414,72800C,56,28
2415,90214P,64,32
2416,20721,77,39
2417,85171,63,32
2418,84539,89,45
2419,21043,47,24
2420,84617,84,42
2421,84707A,43,22
2422,20689,26,13
2423,47480,31,16
2424,85162B,60,30
2425,90081A,87,44
2426,20931,37,19
2427,20803,8,4
2428,35610A,44,22
2429,35916A,48,24
2430,37342,39,20
2431,46138B,17,9
2432,47585A,28,14
2433,72771C,63,32
2434,79066K,48,24
2435,84228,69,35
2436,84563A,49,25
2437,84715,73,37
2438,84796A,89,45
2439,84842,45,23
2440,84843,80,40
2441,85159A,65,33
2442,90037D,42,21
2443,90120A,18,9
2444,90144,36,18
2445,90198B,8,4
2446,90204,72,36
2447,20849,56,28
2448,21131,50,25
2449,21378,64,32
2450,21946,74,37
2451,16048,2,1
2452,20839,30,15
2453,21092,32,16
2454,62096B,83,42
2455,72140E,71,36
2456,82011C,36,18
2457,21414,51,26
2458,21836,30,15
2459,21943,78,39
2460,22161,8,4
2461,22307,32,16
2462,35815B,58,29
2463,84016,36,18
2464,84531A,13,7
2465,84531B,58,29
2466,84762C,21,11
2467,85093,22,11
2468,85118,31,16
2469,85121C,50,25
2470,90000B,63,32
2471,90014A,73,37
2472,90038A,77,39
2473,90120D,69,35
2474,90165A,64,32
2475,90170,75,38
2476,90187A,68,34
2477,85124B,57,29
2478,85124C,65,33
2479,21339,71,36
2480,47559B,41,21
2481,22168,47,24
2482,84415A,35,18
2483,79030D,11,6
2484,21289,33,17
2485,22104,59,30
2486,84705B,16,8
2487,35923,88,44
2488,20895,26,13
2489,21780,42,21
2490,21847,75,38
2491,84615,76,38
2492,84682,16,8
2493,22056,45,23
2494,17178,85,43
2495,21904,89,45
2496,85230B,26,13
2497,85230E,21,11
2498,90125B,35,18
2499,84564,50,25
2500,85084,26,13
2501,84968D,67,34
2502,84827,61,31
2503,21060,55,28
2504,37432,41,21
2505,47503E,1,1
2506,47503H,84,42
2507,44265,30,15
2508,84678,12,6
2509,37484,33,17
2510,21757,73,37
2511,BANK CHARGES,20,10
2512,90011E,62,31
2513,90190C,29,15
2514,21269,40,20
2515,21270,83,42
2516,21277,40,20
2517,84849A,10,5
2518,20851,5,3
2519,84707B,1,1
2520,35233,23,12
2521,20666,64,32
2522,85106,63,32
2523,85169C,49,25
2524,85169A,22,11
2525,21764,68,34
2526,21309,72,36
2527,20935,5,3
2528,16218,26,13
2529,17012B,70,35
2530,21169,88,44
2531,21278,78,39
2532,21367,50,25
2533,21368,15,8
2534,21413,38,19
2535,35647,62,31
2536,47581B,85,43
2537,84674,62,31
2538,85203,45,23
2539,90036E,38,19
2540,90048,47,24
2541,90056,24,12
2542,90124B,27,14
2543,90151,82,41
2544,90152A,56,28
2545,90166,47,24
2546,90185A,2,1
2547,21713,23,12
2548,20997,49,25
2549,21616,20,10
2550,21275,67,34
2551,20670,45,23
2552,21062,28,14
2553,21061,80,40
2554,21698,8,4
2555,84549,12,6
2556,84551,23,12
2557,21264,54,27
2558,21437,20,10
2559,84665,42,21
2560,84666,6,3
2561,84664,48,24
2562,84597B,8,4
2563,84367,10,5
2564,21415,81,41
2565,21594,58,29
2566,21749,38,19
2567,21845,69,35
2568,35638B,65,33
2569,47502,86,43
2570,17013B,14,7
2571,17013D,26,13
2572,17014A,44,22
2573,84086C,69,35
2574,84596J,76,38
2575,84760S,79,40
2576,84877D,14,7
2577,84913A,81,41
2578,85188A,71,36
2579,90013E,10,5
2580,90041,29,15
2581,90059C,51,26
2582,90059E,10,5
2583,90101,12,6
2584,90175B,37,19
2585,90205A,24,12
2586,90205C,55,28
2587,90209B,84,42
2588,DCGS0003,35,18
2589,90202C,30,15
2590,84976,70,35
2591,90024D,15,8
2592,90030A,79,40
2593,90030B,55,28
2594,90030C,5,3
2595,90163B,44,22
2596,90169,18,9
2597,90173,83,42
2598,47310M,33,17
2599,47574A,61,31
2600,22306,27,14
2601,21383,66,33
2602,71215,44,22
2603,22244,52,26
2604,22245,43,22
2605,84869,53,27
2606,20896,82,41
2607,20899,54,27
2608,84626,79,40
2609,16162L,74,37
2610,21228,50,25
2611,90120B,20,10
2612,90027B,11,6
2613,20796,17,9
2614,20795,42,21
2615,21322,5,3
2616,22290,12,6
2617,21631,34,17
2618,84972L,63,32
2619,84919,58,29
2620,84984C,48,24
2621,84909A,50,25
2622,85184B,89,45
2623,22233,5,3
2624,85018C,18,9
2625,21343,58,29
2626,22316,24,12
2627,35973,38,19
2628,90057,10,5
2629,35838B,11,6
2630,16168M,26,13
2631,22217,21,11
2632,35645,56,28
2633,82095,36,18
2634,17191A,43,22
2635,47341B,25,13
2636,85081,58,29
2637,17129C,28,14
2638,90214I,65,33
2639,90214O,19,10
2640,90214B,50,25
2641,35980C,88,44
2642,84575B,4,2
2643,22188,53,27
2644,35821B,74,37
2645,35824B,47,24
2646,35610C,68,34
2647,21850,20,10
2648,21858,44,22
2649,20932,24,12
2650,85110,57,29
2651,85160A,68,34
2652,90039C,82,41
2653,90186B,43,22
2654,84951B,15,8
2655,72771B,15,8
2656,84450B,76,38
2657,46776C,80,40
2658,22236,36,18
2659,21366,45,23
2660,90214Z,57,29
2661,16168S,87,44
2662,21167,28,14
2663,47597,5,3
2664,16033,66,33
2665,35837,72,36
2666,85230D,48,24
2667,85230C,6,3
2668,20680,65,33
2669,21096,12,6
2670,20952,82,41
2671,90214F,1,1
2672,90214E,34,17
2673,85161,80,40
2674,90058A,7,4
2675,72789,45,23
2676,90210B,28,14
2677,90194,7,4
2678,72708,1,1
2679,16169G,62,31
2680,21117,50,25
2681,85062,8,4
2682,20663,50,25
2683,84414B,82,41
2684,16051,71,36
2685,85072,36,18
2686,90138,68,34
2687,90137,14,7
2688,16119,53,27
2689,47552A,45,23
2690,47567B,16,8
2691,84815,81,41
2692,72131,36,18
2693,22252,13,7
2694,72728,49,25
2695,20884,23,12
2696,20877,85,43
2697,20881,2,1
2698,22242,12,6
2699,90177C,7,4
2700,90177B,57,29
2701,90177D,61,31
2702,90177E,69,35
2703,90177A,57,29
2704,90026C,64,32
2705,90069,72,36
2706,84876B,74,37
2707,17090A,59,30
2708,85215,55,28
2709,21758,49,25
2710,20848,22,11
2711,20683,66,33
2712,84859C,88,44
2713,84859A,76,38
2714,75131,21,11
2715,85109,1,1
2716,84802A,55,28
2717,35607B,58,29
2718,90001C,82,41
2719,85069,66,33
2720,35607A,83,42
2721,16207B,11,6
2722,35936,74,37
2723,20939,68,34
2724,72785A,28,14
2725,72785B,84,42
2726,21686,35,18
2727,84550,16,8
2728,21226,79,40
2729,21225,32,16
2730,16258A,38,19
2731,37491C,14,7
2732,75011,57,29
2733,72801C,17,9
2734,46775E,70,35
2735,35911B,17,9
2736,62097A,81,41
2737,72812,30,15
2738,21473,31,16
2739,90000C,45,23
2740,90065B,39,20
2741,90182C,54,27
2742,90026B,77,39
2743,90212C,81,41
2744,21317,32,16
2745,62074B,83,42
2746,84876C,47,24
2747,35999,62,31
2748,90201A,9,5
2749,20697,61,31
2750,17090D,35,18
2751,85230A,60,30
2752,72133,46,23
2753,72134,77,39
2754,72130,49,25
2755,37489A,75,38
2756,85225,6,3
2757,21441,3,2
2758,84711A,55,28
2759,90140,59,30
2760,90146,13,7
2761,90123A,87,44
2762,90060B,53,27
2763,22243,43,22
2764,90214G,70,35
2765,47369B,38,19
2766,72772,39,20
2767,35910A,24,12
2768,21716,35,18
2769,21715,58,29
2770,37438,36,18
2771,46775D,60,30
2772,84921,34,17
2773,22360,69,35
2774,21190,18,9
2775,22247,14,7
2776,22249,51,26
2777,22250,7,4
2778,85213,32,16
2779,71101A,32,16
2780,71101E,54,27
2781,20882,57,29
2782,15030,16,8
2783,72793,46,23
2784,35637A,34,17
2785,16256C,2,1
2786,21416,84,42
2787,22268,48,24
2788,35597B,57,29
2789,84255A,55,28
2790,21318,59,30
2791,18098B,43,22
2792,37399,6,3
2793,TEST001,83,42
2794,21202,14,7
2795,37475,37,19
2796,21036,47,24
2797,17007B,46,23
2798,84621,46,23
2799,84251C,40,20
2800,22021,60,30
2801,85206B,74,37
2802,90129A,79,40
2803,35001P,23,12
2804,84824,36,18
2805,44234,57,29
2806,18098A,11,6
2807,20858,44,22
2808,21298,55,28
2809,72750B,11,6
2810,21750,10,5
2811,17038,25,13
2812,21406,50,25
2813,21919,25,13
2814,35818C,64,32
2815,48175,72,36
2816,85091,59,30
2817,90018A,66,33
2818,90018C,89,45
2819,90027C,12,6
2820,90038B,82,41
2821,90054,33,17
2822,90077,19,10
2823,90178B,14,7
2824,90198A,23,12
2825,90211A,87,44
2826,gift_0001_80,11,6
2827,DCGS0072,46,23
2828,47594A,77,39
2829,79144C,73,37
2830,84856S,5,3
2831,84870C,84,42
2832,84931B,82,41
2833,85167B,80,40
2834,85169D,89,45
2835,85190,13,7
2836,85202,55,28
2837,85204,37,19
2838,90037A,53,27
2839,90037C,18,9
2840,20821,29,15
2841,17011C,18,9
2842,20846,74,37
2843,21718,3,2
2844,22137,62,31
2845,35819B,42,21
2846,84797B,18,9
2847,85160B,32,16
2848,90143,78,39
2849,21132,66,33
2850,22264,8,4
2851,45016,54,27
2852,47367B,35,18
2853,47586A,52,26
2854,84637,32,16
2855,84847,57,29
2856,90122C,75,38
2857,90176C,44,22
2858,gift_0001_20,54,27
2859,47589,42,21
2860,21702,35,18
2861,21699,14,7
2862,84570B,13,7
2863,48138,24,12
2864,84782B,64,32
2865,90082B,82,41
2866,90004A,25,13
2867,20664,65,33
2868,85129B,28,14
2869,85030,8,4
2870,85141,86,43
2871,84595B,15,8
2872,84313A,25,13
2873,21088,9,5
2874,85119,62,31
2875,35937,14,7
2876,85094,83,42
2877,90001A,23,12
2878,90031,17,9
2879,90176D,35,18
2880,21442,27,14
2881,90202D,15,8
2882,DCGS0044,30,15
2883,17011D,33,17
2884,37491A,55,28
2885,84529A,67,34
2886,84529C,23,12
2887,47583B,22,11
2888,90141B,69,35
2889,90199A,52,26
2890,35816B,10,5
2891,84609,59,30
2892,85018B,33,17
2893,85018A,51,26
2894,35963,29,15
2895,21090,31,16
2896,84631,65,33
2897,90129F,15,8
2898,90129D,66,33
2899,90129E,83,42
2900,21001,45,23
2901,35652,48,24
2902,17011E,43,22
2903,17011F,51,26
2904,17012E,42,21
2905,17013C,64,32
2906,84616,64,32
2907,16043,46,23
2908,84450A,64,32
2909,85189,22,11
2910,21209,24,12
2911,47013A,73,37
2912,84927F,4,2
2913,90016B,27,14
2914,21208,11,6
2915,84905,48,24
2916,21030,62,31
2917,82069,9,5
2918,16052,24,12
2919,21038,74,37
2920,84876D,31,16
2921,90182B,35,18
2922,21503,66,33
2923,51020A,4,2
2924,84942,46,23
2925,90003E,28,14
2926,21475,29,15
2927,35974,27,14
2928,35930,5,3
2929,20802,78,39
2930,90059F,3,2
2931,90124C,35,18
2932,90132,42,21
2933,84499,6,3
2934,84661B,67,34
2935,85131B,68,34
2936,22266,50,25
2937,84706A,61,31
2938,84732D,33,17
2939,84732B,89,45
2940,21128,73,37
2941,21496,52,26
2942,20820,62,31
2943,37352,78,39
2944,20759,19,10
2945,90206A,80,40
2946,22221,35,18
2947,35001B,6,3
2948,21095,66,33
2949,72781,62,31
2950,90020,79,40
2951,90043,47,24
2952,85145,88,44
2953,20667,76,38
2954,85131D,56,28
2955,47343A,15,8
2956,47344B,26,13
2957,71510,55,28
2958,90199D,50,25
2959,22251,25,13
2960,84801B,8,4
2961,84877A,30,15
2962,84856L,25,13
2963,90191,28,14
2964,90079,75,38
2965,90064B,74,37
2966,72225D,6,3
2967,72225C,72,36
2968,35603B,50,25
2969,44091C,68,34
2970,21525,60,30
2971,TEST002,23,12
2972,35915B,80,40
2973,35915A,6,3
2974,84748,3,2
2975,40002,42,21
2976,71270,67,34
2977,84838,48,24
2978,44092C,27,14
2979,48103,37,19
2980,84689,26,13
2981,20840,9,5
2982,84657,87,44
2983,35980B,85,43
2984,22092,12,6
2985,72129,73,37
2986,35598C,42,21
2987,40003,65,33
2988,79403,62,31
2989,90016A,45,23
2990,90098,88,44
2991,90126B,1,1
2992,90126C,49,25
2993,90128C,1,1
2994,90201D,26,13
2995,16192,18,9
2996,gift_0001_10,24,12
2997,21119,38,19
2998,21374,60,30
2999,37468,37,19
3000,84660A,17,9
3001,84706D,86,43
3002,90036F,17,9
3003,90038C,17,9
3004,90039A,54,27
3005,90130A,36,18
3006,gift_0001_50,86,43
3007,84858C,21,11
3008,35945,66,33
3009,84422,48,24
3010,84563B,46,23
3011,72132,55,28
3012,84816,66,33
3013,46307,46,23
3014,21002,25,13
3015,17013F,69,35
3016,17011A,68,34
3017,84821,54,27
3018,84865,29,15
3019,90103,28,14
3020,85077,25,13
3021,85163B,27,14
3022,37471,82,41
3023,35922,66,33
3024,84247H,71,36
3025,35751A,44,22
3026,71263G,32,16
3027,20691,84,42
3028,20880,41,21
3029,20859,52,26
3030,22390,50,25
3031,72777,48,24
3032,79069A,57,29
3033,22003,39,20
3034,84247B,57,29
3035,84986A,29,15
3036,72755C,13,7
3037,35980A,25,13
3038,84940,27,14
3039,79053A,25,13
3040,22039,56,28
3041,22038,56,28
3042,20885,43,22
3043,72655C,89,45
3044,35977B,82,41
3045,35975B,23,12
3046,20959,3,2
3047,85231D,22,11
3048,85025A,10,5
3049,21492,40,20
3050,21362,25,13
3051,35994,69,35
3052,47340B,80,40
3053,71409B,11,6
3054,84247N,41,21
3055,20995,88,44
3056,21787,40,20
3057,37451,62,31
3058,21487,39,20
3059,84558B,28,14
3060,21859,62,31
3061,79053B,53,27
3062,21029,1,1
3063,79340W,5,3
3064,20743,47,24
3065,21505,44,22
3066,84803B,20,10
3067,21148,73,37
3068,79165,60,30
3069,72483,64,32
3070,16195,67,34
3071,84811A,59,30
3072,47567,56,28
3073,71028A,38,19
3074,84924F,64,32
3075,90160C,10,5
3076,90183B,74,37
3077,37494a,68,34
3078,84406b,16,8
3079,72807b,78,39
3080,85232b,41,21
3081,85159b,38,19
3082,DCGS0066N,53,27
3083,37351,63,32
3084,47567b,75,38
3085,85124b,12,6
3086,85184c,43,22
3087,79051a,35,18
3088,84899A,10,5
3089,85114a,11,6
3090,84928,36,18
3091,37482b,25,13
3092,47347A,85,43
3093,79309A,66,33
3094,85098A,56,28
3095,79302m,73,37
3096,48172,61,31
3097,84927C,15,8
3098,84509a,74,37
3099,84912a,13,7
3100,85123b,21,11
3101,84029c,74,37
3102,72778,81,41
3103,84757,34,17
3104,90121A,61,31
3105,85184A,16,8
3106,90052,79,40
3107,21369,61,31
3108,21290,34,17
3109,90123C,43,22
3110,90201C,68,34
3111,gift_0001_30,72,36
3112,90058B,87,44
3113,46776E,43,22
3114,79337,73,37
3115,21420,51,26
3116,84292B,24,12
3117,47009,34,17
3118,37509,5,3
3119,20911,9,5
3120,35990,12,6
3121,84671A,57,29
3122,20973,64,32
3123,22213,3,2
3124,84877C,46,23
3125,85232C,52,26
3126,90082C,13,7
3127,90091,19,10
3128,85043,50,25
3129,22365,22,11
3130,22366,69,35
3131,35654,5,3
3132,85130C,58,29
3133,84614C,59,30
3134,21772,66,33
3135,84804B,11,6
3136,84801A,46,23
3137,84798A,67,34
3138,84798C,79,40
3139,85194S,9,5
3140,21363,34,17
3141,85019A,9,5
3142,90096,62,31
3143,84967B,63,32
3144,20850,43,22
3145,47574B,83,42
3146,84974,38,19
3147,22358,48,24
3148,22357,85,43
3149,84803A,60,30
3150,84807,17,9
3151,35912B,62,31
3152,35913B,49,25
3153,35910B,66,33
3154,20715,82,41
3155,84805B,43,22
3156,84798B,13,7
3157,62096A,51,26
3158,84611B,46,23
3159,16054,68,34
3160,16044,88,44
3161,16053,30,15
3162,16045,82,41
3163,22326,5,3
3164,22328,49,25
3165,21562,61,31
3166,84917,38,19
3167,84867A,11,6
3168,20794,32,16
3169,84612B,28,14
3170,84464,19,10
3171,84984A,39,20
3172,84984B,68,34
3173,21393,10,5
3174,22329,12,6
3175,22367,7,4
3176,22414,77,39
3177,22327,53,27
3178,16156L,57,29
3179,37462E,18,9
3180,90130D,34,17
3181,16254,72,36
3182,90016C,6,3
3183,90122A,30,15
3184,84313C,88,44
3185,21857,21,11
3186,37479B,84,42
3187,84455,79,40
3188,84653,79,40
3189,85130B,70,35
3190,90025F,55,28
3191,90055,56,28
3192,90123B,3,2
3193,84437A,65,33
3194,84509E,40,20
3195,84510E,52,26
3196,85092,20,10
3197,85205B,73,37
3198,90156,71,36
3199,20800,88,44
3200,21454,21,11
3201,37491B,72,36
3202,37330,14,7
3203,47599B,59,30
3204,85188B,65,33
3205,72606A,65,33
3206,47583A,12,6
3207,90053,59,30
3208,37326,83,42
3209,72740B,66,33
3210,21386,6,3
3211,81952B,27,14
3212,20891,2,1
3213,90039B,36,18
3214,84925F,44,22
3215,90013D,68,34
3216,44235,51,26
3217,21759,52,26
3218,85187,85,43
3219,90001B,39,20
3220,90064A,59,30
3221,90160A,71,36
3222,21653,59,30
3223,15058B,73,37
3224,85157,15,8
3225,35637C,2,1
3226,17014D,72,36
3227,90076,65,33
3228,84599,11,6
3229,37489D,42,21
3230,37409,22,11
3231,84766,71,36
3232,82545A,49,25
3233,85218,25,13
3234,20791,12,6
3235,84849D,8,4
3236,16206B,85,43
3237,84033,1,1
3238,22106,45,23
3239,21089,9,5
3240,21097,16,8
3241,90108,46,23
3242,16010,54,27
3243,20787,53,27
3244,20698,23,12
3245,72796C,43,22
3246,85027L,56,28
3247,78026,76,38
3248,84458,28,14
3249,20801,3,2
3250,90189A,69,35
3251,21409,8,4
3252,85023C,30,15
3253,90036B,71,36
3254,90059B,72,36
3255,90183A,16,8
3256,62094B,8,4
3257,21476,71,36
3258,84966B,34,17
3259,84966A,89,45
3260,47469,24,12
3261,84800L,33,17
3262,84804A,42,21
3263,PADS,17,9
3264,16161G,58,29
3265,85024B,23,12
3266,84820,69,35
3267,90141D,1,1
3268,21793,32,16
3269,21792,63,32
3270,84567,57,29
3271,90019B,46,23
3272,90157,1,1
3273,22257,60,30
3274,79301,14,7
3275,84630,39,20
3276,90032,77,39
3277,17014F,86,43
3278,84799,32,16
3279,20890,42,21
3280,21474,39,20
3281,35921,29,15
3282,20786,8,4
3283,20785,43,22
3284,85032B,51,26
3285,17021,45,23
3286,84494B,24,12
3287,22380,38,19
3288,22383,19,10
3289,22382,7,4
3290,85070,86,43
3291,84723,80,40
3292,44236,30,15
3293,15058A,30,15
3294,15058C,87,44
3295,90128A,69,35
3296,90162D,41,21
3297,90162A,2,1
3298,90128B,73,37
3299,22381,82,41
3300,84231,61,31
3301,84457,37,19
3302,22259,7,4
3303,84806A,66,33
3304,90102,20,10
3305,22384,15,8
3306,22379,1,1
3307,35638A,7,4
3308,22378,24,12
3309,44241C,68,34
3310,84030b,65,33
3311,84596e,55,28
3312,72801d,47,24
3313,84993b,68,34
3314,84989b,89,45
3315,84993a,56,28
3316,21087,50,25
3317,84867b,73,37
3318,21394,50,25
3319,79303A,38,19
3320,84030B,50,25
3321,22377,42,21
3322,84868A,63,32
3323,84868B,45,23
3324,47518F,1,1
3325,71434B,1,1
3326,46000R,37,19
3327,ADJUST,1,1
3328,48173A,23,12
3329,90050,64,32
3330,90179A,27,14
3331,90181A,56,28
3332,84809B,89,45
3333,84809A,49,25
3334,35822B,36,18
3335,35822P,36,18
3336,21794,57,29
3337,78033,52,26
3338,35920,5,3
3339,84447,5,3
3340,37491D,52,26
3341,21455,87,44
3342,84881,75,38
3343,21459,8,4
3344,71495B,56,28
3345,90024A,79,40
3346,84886,2,1
3347,84800M,27,14
3348,85131C,65,33
3349,84596I,87,44
3350,21461,57,29
3351,21460,46,23
3352,22657,79,40
3353,21907,31,16
3354,22386,21,11
3355,22385,43,22
3356,22496,42,21
3357,22495,11,6
3358,22413,26,13
3359,22411,21,11
3360,22494,83,42
3361,22412,46,23
3362,46137D,84,42
3363,gift_0001_40,36,18
3364,gift_0001_60,45,23
3365,gift_0001_70,72,36
3366,22016,56,28
3367,gift_0001_90,58,29
3368,84797A,87,44
3369,84219,58,29
3370,84461,79,40
3371,21763,24,12
3372,22500,55,28
3373,22497,25,13
3374,78027,80,40
3375,72821,6,3
3376,90149,14,7
3377,84218,11,6
3378,22417,66,33
3379,62095B,8,4
3380,17174,12,6
3381,21008,65,33
3382,84559a,16,8
3383,82613a,22,11
3384,82613b,83,42
3385,82613c,65,33
3386,79071B,40,20
3387,79140,60,30
3388,20822,42,21
3389,84227,41,21
3390,84927E,21,11
3391,84462,71,36
3392,84366,89,45
3393,90114,35,18
3394,90116,83,42
3395,22499,62,31
3396,90197D,2,1
3397,85205A,10,5
3398,84555A,88,44
3399,84963A,46,23
3400,84967A,65,33
3401,22416,31,16
3402,82011A,12,6
3403,90214V,30,15
3404,84857A,5,3
3405,22498,67,34
3406,35644,34,17
3407,84859B,26,13
3408,44091A,30,15
3409,82011E,74,37
3410,84927A,71,36
3411,84465,44,22
3412,17084A,18,9
3413,44089A,21,11
3414,44089C,81,41
3415,17027A,74,37
3416,84923,20,10
3417,20816,64,32
3418,84249A,75,38
3419,17012C,79,40
3420,84908A,48,24
3421,72751C,88,44
3422,47422,43,22
3423,47421,75,38
3424,85192S,1,1
3425,79157B,68,34
3426,82072,7,4
3427,84817,82,41
3428,84192,73,37
3429,84864A,1,1
3430,21196,21,11
3431,84311,12,6
3432,71495A,61,31
3433,79331,22,11
3434,90202A,14,7
3435,22372,72,36
3436,21361,52,26
3437,10124A,25,13
3438,37489B,32,16
3439,22371,61,31
3440,37477C,12,6
3441,20838,18,9
3442,22374,60,30
3443,22376,43,22
3444,22375,27,14
3445,47563B,76,38
3446,84529B,1,1
3447,44217M,8,4
3448,77079,55,28
3449,37488A,4,2
3450,90189B,50,25
3451,90078,44,22
3452,90025D,64,32
3453,72715,17,9
3454,16050,47,24
3455,90025C,31,16
3456,84614A,53,27
3457,75178,11,6
3458,35816P,24,12
3459,22432,46,23
3460,22433,56,28
3461,84884a,74,37
3462,85039a,33,17
3463,47559b,80,40
3464,85035b,45,23
3465,79066k,62,31
3466,85039b,34,17
3467,m,45,23
3468,72801c,73,37
3469,79342b,78,39
3470,84997d,29,15
3471,47556b,54,27
3472,72351a,79,40
3473,72801g,24,12
3474,84800S,10,5
3475,90127B,81,41
3476,35823P,83,42
3477,84575A,4,2
3478,22431,9,5
3479,84629,48,24
3480,84962,3,2
3481,84964B,29,15
3482,84964A,45,23
3483,84965B,88,44
3484,84965A,22,11
3485,84613A,71,36
3486,37481,16,8
3487,35909A,33,17
3488,21387,79,40
3489,84751B,24,12
3490,22609,30,15
3491,72083A,78,39
3492,81953P,23,12
3493,90128D,42,21
3494,22610,79,40
3495,22608,69,35
3496,72732,12,6
3497,72759,33,17
3498,84226,73,37
3499,84770,26,13
3500,21623,66,33
3501,71496A,52,26
3502,84546,1,1
3503,62086A,19,10
3504,21760,50,25
3505,90162C,24,12
3506,90162B,84,42
3507,84805A,49,25
3508,84679,45,23
3509,84908B,8,4
3510,20836,48,24
3511,21003,65,33
3512,22489,73,37
3513,90086,7,4
3514,84205C,40,20
3515,84726,59,30
3516,84720,70,35
3517,17012F,31,16
3518,84926A,50,25
3519,21197,40,20
3520,35950,38,19
3521,20835,60,30
3522,37379B,77,39
3523,22457,40,20
3524,22456,41,21
3525,22483,23,12
3526,22458,87,44
3527,22459,50,25
3528,22467,24,12
3529,22465,27,14
3530,22464,77,39
3531,84796B,74,37
3532,84873A,89,45
3533,84872A,35,18
3534,22478,32,16
3535,22477,55,28
3536,22480,15,8
3537,22482,3,2
3538,22488,87,44
3539,22485,61,31
3540,22466,57,29
3541,18097A,32,16
3542,22475,59,30
3543,84520b,46,23
3544,15060b,42,21
3545,84661c,70,35
3546,85160a,12,6
3547,85132b,85,43
3548,22479,83,42
3549,22487,34,17
3550,22461,24,12
3551,22476,2,1
3552,22481,67,34
3553,90075,80,40
3554,90025B,23,12
3555,90074,47,24
3556,47369A,87,44
3557,22474,43,22
3558,84251B,2,1
3559,90135A,45,23
3560,22460,13,7
3561,90095,8,4
3562,22468,76,38
3563,22486,28,14
3564,79172D,57,29
3565,22472,72,36
3566,22569,22,11
3567,22568,47,24
3568,22570,40,20
3569,22586,70,35
3570,22587,69,35
3571,22565,34,17
3572,16245A,30,15
3573,22566,57,29
3574,22585,70,35
3575,22582,21,11
3576,22583,63,32
3577,22584,74,37
3578,79161A,32,16
3579,22509,87,44
3580,22505,68,34
3581,22473,88,44
3582,22508,84,42
3583,22471,4,2
3584,84632,38,19
3585,22359,15,8
3586,22361,83,42
3587,22363,40,20
3588,22364,63,32
3589,22362,36,18
3590,22507,72,36
3591,17012D,48,24
3592,22510,18,9
3593,22511,41,21
3594,22512,29,15
3595,35970,58,29
3596,84743C,39,20
3597,84806B,38,19
3598,22513,42,21
3599,22659,76,38
3600,22631,42,21
3601,22618,70,35
3602,22617,22,11
3603,DCGS0069,80,40
3604,22423,61,31
3605,84613C,9,5
3606,90037B,80,40
3607,22450,26,13
3608,22449,79,40
3609,22451,40,20
3610,22445,62,31
3611,85186B,14,7
3612,22429,71,36
3613,21452,82,41
3614,22446,11,6
3615,22448,71,36
3616,21310,73,37
3617,85019B,4,2
3618,90026A,22,11
3619,20953,66,33
3620,16008,23,12
3621,22454,66,33
3622,90027A,31,16
3623,22453,31,16
3624,22452,30,15
3625,35824P,41,21
3626,22447,88,44
3627,22441,51,26
3628,22444,4,2
3629,22443,11,6
3630,22442,52,26
3631,22564,15,8
3632,22563,73,37
3633,22562,70,35
3634,22561,26,13
3635,46138D,33,17
3636,22555,86,43
3637,22556,73,37
3638,22560,48,24
3639,22551,70,35
3640,22554,24,12
3641,44242A,20,10
3642,22557,49,25
3643,22553,24,12
3644,22549,83,42
3645,22550,47,24
3646,22535,25,13
3647,22518,38,19
3648,21878,47,24
3649,22522,14,7
3650,22520,61,31
3651,22523,66,33
3652,22521,32,16
3653,22524,62,31
3654,22525,51,26
3655,22519,80,40
3656,22548,25,13
3657,22559,27,14
3658,40005B,41,21
3659,22544,69,35
3660,22539,52,26
3661,22528,88,44
3662,22526,32,16
3663,22567,16,8
3664,22543,4,2
3665,22546,4,2
3666,22545,17,9
3667,22405,39,20
3668,22409,24,12
3669,22408,17,9
3670,22406,13,7
3671,22407,5,3
3672,22410,57,29
3673,22402,55,28
3674,22399,42,21
3675,22396,17,9
3676,22393,5,3
3677,20958,16,8
3678,22517,59,30
3679,22398,57,29
3680,22547,40,20
3681,72084B,67,34
3682,85146,36,18
3683,90046,23,12
3684,84814A,45,23
3685,22541,55,28
3686,22612,49,25
3687,22611,30,15
3688,22516,86,43
3689,22515,12,6
3690,22514,20,10
3691,22530,84,42
3692,22534,48,24
3693,22536,55,28
3694,22533,48,24
3695,22529,28,14
3696,22538,56,28
3697,22532,58,29
3698,22540,7,4
3699,22403,83,42
3700,22537,37,19
3701,85160b,23,12
3702,84796a,27,14
3703,72807a,16,8
3704,84536a,22,11
3705,85231e,41,21
3706,72801e,20,10
3707,84915,66,33
3708,22400,68,34
3709,22389,79,40
3710,22391,22,11
3711,84527,83,42
3712,22531,43,22
3713,90152C,28,14
3714,35978,65,33
3715,DCGS0070,67,34
3716,DCGS0075,56,28
3717,22394,87,44
3718,22436,18,9
3719,22434,22,11
3720,22437,14,7
3721,84914A,26,13
3722,22439,62,31
3723,22428,45,23
3724,22426,50,25
3725,22435,29,15
3726,20860,80,40
3727,22606,50,25
3728,22607,53,27
3729,22605,8,4
3730,84510e,64,32
3731,84596j,46,23
3732,85232a,31,16
3733,21922,75,38
3734,82484,17,9
3735,47348A,83,42
3736,22440,7,4
3737,21925,67,34
3738,22438,71,36
3739,21927,9,5
3740,21926,17,9
3741,20957,8,4
3742,22395,84,42
3743,21511,12,6
3744,35818B,18,9
3745,22719,39,20
3746,22558,68,34
3747,D,72,36
3748,84875B,33,17
3749,84927D,87,44
3750,90024F,63,32
3751,72709,31,16
3752,71496B,58,29
3753,22469,19,10
3754,22470,50,25
3755,84997a,47,24
3756,85040b,49,25
3757,84823,29,15
3758,84731,55,28
3759,84858B,81,41
3760,B,39,20
3761,16169A,63,32
3762,S,83,42
3763,16151A,68,34
3764,62043B,53,27
3765,22626,76,38
3766,22503,57,29
3767,84840,25,13
3768,22624,79,40
3769,22627,78,39
3770,22625,20,10
3771,84760L,36,18
3772,22504,34,17
3773,82494l,17,9
3774,47594a,57,29
3775,84867a,48,24
3776,22491,85,43
3777,22492,38,19
3778,22615,57,29
3779,22616,24,12
3780,22614,32,16
3781,22613,7,4
3782,22421,82,41
3783,22418,46,23
3784,22621,39,20
3785,22623,49,25
3786,22619,40,20
3787,22419,28,14
3788,22493,84,42
3789,22622,14,7
3790,84247E,44,22
3791,46115B,45,23
3792,22420,77,39
3793,22422,1,1
3794,44242C,17,9
3795,81953B,64,32
3796,22620,33,17
3797,17014E,52,26
3798,85050,6,3
3799,45013,6,3
3800,10124G,17,9
3801,37483,2,1
3802,35817P,51,26
3803,35818P,44,22
3804,79308B,13,7
3805,22427,22,11
3806,22430,77,39
3807,22645,53,27
3808,22646,25,13
3809,22650,27,14
3810,22647,76,38
3811,22649,10,5
3812,22644,28,14
3813,22425,71,36
3814,22424,28,14
3815,21382,66,33
3816,84086B,82,41
3817,84891B,37,19
3818,16162M,73,37
3819,84963B,15,8
3820,84967C,1,1
3821,22634,17,9
3822,22635,53,27
3823,22637,8,4
3824,22636,88,44
3825,22864,80,40
3826,22502,12,6
3827,22501,42,21
3828,84402B,86,43
3829,90049,61,31
3830,35240,82,41
3831,84709A,53,27
3832,44228,46,23
3833,79532,21,11
3834,35265,25,13
3835,46037A,58,29
3836,84660c,51,26
3837,84970l,30,15
3838,85124a,86,43
3839,84986b,25,13
3840,84971s,22,11
3841,47593a,59,30
3842,84985b,46,23
3843,22710,74,37
3844,22707,25,13
3845,22705,52,26
3846,22704,48,24
3847,22711,30,15
3848,22713,49,25
3849,22712,29,15
3850,90042C,7,4
3851,22714,61,31
3852,90081B,39,20
3853,90094,58,29
3854,17011B,36,18
3855,22716,6,3
3856,22718,88,44
3857,22715,13,7
3858,22706,82,41
3859,22708,36,18
3860,22709,71,36
3861,22717,14,7
3862,35650,25,13
3863,90104,36,18
3864,47591c,43,22
3865,84970s,63,32
3866,85099b,15,8
3867,84989a,34,17
3868,DCGS0041,78,39
3869,90214W,69,35
3870,90154,45,23
3871,90026D,26,13
3872,22206,17,9
3873,71050,40,20
3874,72802a,77,39
3875,84596b,26,13
3876,84795b,75,38
3877,84510c,81,41
3878,84968d,50,25
3879,85123a,8,4
3880,15056n,69,35
3881,84968e,9,5
3882,84424A,70,35
3883,85115B,7,4
3884,37479P,55,28
3885,84493,4,2
3886,DCGS0037,43,22
3887,90179C,85,43
3888,84857C,35,18
3889,62097B,4,2
3890,78034B,23,12
3891,90118,69,35
3892,90063A,89,45
3893,DCGSSBOY,57,29
3894,DCGSSGIRL,57,29
3895,85114A,22,11
3896,22701,81,41
3897,90119,14,7
3898,75172,2,1
3899,22703,26,13
3900,22702,2,1
3901,84534b,69,35
3902,85099c,54,27
3903,85049e,16,8
3904,47566b,41,21
3905,85049b,82,41
3906,84510a,88,44
3907,15056p,83,42
3908,84997b,58,29
3909,84536b,32,16
3910,84660b,41,21
3911,85014a,47,24
3912,47570b,76,38
3913,84985a,45,23
3914,22640,57,29
3915,ADJUST2,24,12
3916,90142A,72,36
3917,90051,34,17
3918,22692,9,5
3919,22660,15,8
3920,22687,9,5
3921,22691,16,8
3922,22690,75,38
3923,22689,85,43
3924,22688,64,32
3925,22629,65,33
3926,22628,36,18
3927,22700,76,38
3928,22630,64,32
3929,47503J ,62,31
3930,22669,70,35
3931,84968a,12,6
3932,47590a,5,3
3933,85132c,38,19
3934,84509e,58,29
3935,22668,77,39
3936,22656,14,7
3937,22655,82,41
3938,22666,50,25
3939,22667,85,43
3940,22665,39,20
3941,45014,69,35
3942,22639,24,12
3943,22638,56,28
3944,22641,27,14
3945,22642,6,3
3946,22643,48,24
3947,22604,47,24
3948,22596,20,10
3949,22602,75,38
3950,22600,70,35
3951,22603,75,38
3952,22595,14,7
3953,22593,3,2
3954,22588,66,33
3955,22589,50,25
3956,22591,15,8
3957,22573,19,10
3958,22581,87,44
3959,22579,82,41
3960,22578,49,25
3961,22577,37,19
3962,22601,25,13
3963,22594,6,3
3964,22576,27,14
3965,22574,79,40
3966,22652,82,41
3967,44092B,30,15
3968,22575,31,16
3969,22653,62,31
3970,22654,39,20
3971,22661,39,20
3972,22662,25,13
3973,22663,86,43
3974,90066A,71,36
3975,22580,21,11
3976,22651,86,43
3977,85184d,58,29
3978,85124c,57,29
3979,22572,53,27
3980,22664,68,34
3981,22963,45,23
3982,22961,88,44
3983,22571,53,27
3984,22599,37,19
3985,22597,41,21
3986,22598,6,3
3987,85099f,88,44
3988,22592,67,34
3989,22694,73,37
3990,22696,66,33
3991,22695,1,1
3992,84968b,50,25
3993,82001s,1,1
3994,21585,77,39
3995,84510b,25,13
3996,84660a,66,33
3997,22693,70,35
3998,22752,37,19
3999,22753,18,9
4000,22754,40,20
4001,22756,82,41
4002,22757,68,34
4003,22755,26,13
4004,22759,80,40
4005,22758,35,18
4006,22743,79,40
4007,22744,79,40
4008,22742,77,39
4009,22697,50,25
4010,22698,51,26
4011,22699,52,26
4012,47591d,61,31
4013,85049a,29,15
4014,22680,16,8
4015,22681,3,2
4016,22677,53,27
4017,22678,34,17
4018,22679,83,42
4019,22682,9,5
4020,22683,21,11
4021,22684,32,16
4022,22685,20,10
4023,22686,10,5
4024,22670,11,6
4025,22671,43,22
4026,22672,71,36
4027,22673,59,30
4028,22674,28,14
4029,22675,36,18
4030,22676,15,8
4031,90021,61,31
4032,85095,77,39
4033,22851,11,6
4034,84201C,35,18
4035,84206B,30,15
4036,22351,54,27
4037,84997c,76,38
4038,84966C,48,24
4039,22751,77,39
4040,35591T,13,7
4041,35597A,33,17
4042,22750,60,30
4043,22940,59,30
4044,22959,23,12
4045,22985,83,42
4046,22986,26,13
4047,22987,57,29
4048,22749,76,38
4049,22867,31,16
4050,22865,83,42
4051,22866,46,23
4052,22834,80,40
4053,22984,23,12
4054,22835,20,10
4055,21263,41,21
4056,84596f,70,35
4057,47341A,41,21
4058,22983,56,28
4059,22910,26,13
4060,22895,77,39
4061,22950,7,4
4062,22952,53,27
4063,22909,74,37
4064,22855,73,37
4065,22812,71,36
4066,22732,53,27
4067,22821,89,45
4068,22820,68,34
4069,22948,19,10
4070,22815,3,2
4071,22817,63,32
4072,22734,38,19
4073,22735,1,1
4074,22737,25,13
4075,22738,10,5
4076,22736,58,29
4077,22739,23,12
4078,22946,38,19
4079,22947,66,33
4080,22907,47,24
4081,22862,3,2
4082,22816,40,20
4083,22818,48,24
4084,22731,62,31
4085,22854,10,5
4086,22813,69,35
4087,22733,43,22
4088,22945,9,5
4089,22949,81,41
4090,22951,26,13
4091,22944,50,25
4092,22906,67,34
4093,22911,57,29
4094,22905,11,6
4095,22904,4,2
4096,22819,78,39
4097,22809,15,8
4098,22810,2,1
4099,16248B,81,41
4100,22908,22,11
4101,22806,85,43
4102,22938,46,23
4103,22807,9,5
4104,22808,79,40
4105,22632,20,10
4106,22814,35,18
4107,22811,64,32
4108,47591b,53,27
4109,22863,31,16
4110,22804,66,33
4111,22902,85,43
4112,22900,71,36
4113,22898,82,41
4114,22894,28,14
4115,22897,51,26
4116,22896,32,16
4117,22939,52,26
4118,22727,29,15
4119,22729,41,21
4120,22726,68,34
4121,22730,87,44
4122,22728,50,25
4123,22725,68,34
4124,22748,72,36
4125,22745,83,42
4126,22746,87,44
4127,22747,75,38
4128,22903,5,3
4129,22899,15,8
4130,85232d,66,33
4131,84559b,84,42
4132,90068,58,29
4133,84030e,79,40
4134,22740,70,35
4135,22741,86,43
4136,49031B,3,2
4137,85231b,48,24
4138,84968f,4,2
4139,22857,31,16
4140,22860,17,9
4141,22859,28,14
4142,35596,16,8
4143,22837,79,40
4144,22633,68,34
4145,SP1002,25,13
4146,22796,71,36
4147,22769,62,31
4148,22766,69,35
4149,22768,40,20
4150,22767,59,30
4151,22765,7,4
4152,22762,48,24
4153,22763,22,11
4154,22760,44,22
4155,22764,34,17
4156,22770,31,16
4157,22761,52,26
4158,22840,40,20
4159,22841,31,16
4160,22842,2,1
4161,22847,15,8
4162,22849,62,31
4163,22790,74,37
4164,22838,71,36
4165,22846,11,6
4166,22839,53,27
4167,22890,37,19
4168,22848,71,36
4169,22843,63,32
4170,22891,75,38
4171,84661a,2,1
4172,22892,57,29
4173,22853,14,7
4174,22852,34,17
4175,22893,42,21
4176,22845,66,33
4177,22788,40,20
4178,22785,18,9
4179,22795,4,2
4180,22781,4,2
4181,22776,45,23
4182,22775,48,24
4183,22771,60,30
4184,22772,12,6
4185,22773,30,15
4186,22805,62,31
4187,22774,70,35
4188,22856,66,33
4189,22789,84,42
4190,22850,57,29
4191,22797,87,44
4192,22786,24,12
4193,22844,57,29
4194,22873,18,9
4195,22869,26,13
4196,22794,35,18
4197,22778,16,8
4198,22799,4,2
4199,22878,32,16
4200,22870,26,13
4201,22871,74,37
4202,22872,27,14
4203,22874,83,42
4204,22875,52,26
4205,22876,59,30
4206,22877,75,38
4207,22868,80,40
4208,22883,26,13
4209,22887,62,31
4210,35815P,63,32
4211,22882,1,1
4212,22879,78,39
4213,22885,67,34
4214,22942,68,34
4215,22941,23,12
4216,22943,78,39
4217,22827,54,27
4218,22884,21,11
4219,22828,58,29
4220,22825,48,24
4221,22777,29,15
4222,22784,54,27
4223,22780,31,16
4224,22791,56,28
4225,22830,7,4
4226,22801,51,26
4227,22792,8,4
4228,22798,86,43
4229,22800,17,9
4230,85036b,77,39
4231,22803,29,15
4232,84559d,75,38
4233,35004p,37,19
4234,22779,29,15
4235,22889,6,3
4236,22880,27,14
4237,22886,27,14
4238,22881,21,11
4239,DCGS0062,59,30
4240,22783,1,1
4241,22823,83,42
4242,22782,21,11
4243,85179a,21,11
4244,22802,30,15
4245,22968,85,43
4246,90214Y,67,34
4247,90214U,83,42
4248,22955,52,26
4249,22888,25,13
4250,22953,78,39
4251,22956,14,7
4252,22833,50,25
4253,90176B,76,38
4254,22954,7,4
4255,22822,88,44
4256,22824,53,27
4257,22831,13,7
4258,22858,32,16
4259,AMAZONFEE,35,18
4260,90142C,23,12
4261,22966,68,34
4262,22832,25,13
4263,22829,80,40
4264,22722,62,31
4265,22923,9,5
4266,22914,25,13
4267,22913,41,21
4268,22912,79,40
4269,47590b,41,21
4270,22915,44,22
4271,22922,85,43
4272,22924,54,27
4273,22926,77,39
4274,22917,19,10
4275,22969,35,18
4276,22964,75,38
4277,90127A,69,35
4278,22965,88,44
4279,22927,77,39
4280,22921,23,12
4281,22920,29,15
4282,22916,78,39
4283,22918,25,13
4284,90142B,5,3
4285,22925,68,34
4286,22919,29,15
4287,22928,7,4
4288,22988,55,28
4289,90135,50,25
4290,90136,39,20
4291,22973,26,13
4292,85035c,89,45
4293,85035a,44,22
4294,22929,39,20
4295,90142D,65,33
4296,22972,2,1
4297,22975,35,18
4298,22974,9,5
4299,22976,26,13
4300,22977,63,32
4301,22960,12,6
4302,22962,64,32
4303,35809a,77,39
4304,84596g,41,21
4305,90182A,88,44
4306,85049g,17,9
4307,72803b,10,5
4308,79151B,54,27
4309,22930,9,5
4310,22931,65,33
4311,22932,41,21
4312,22937,45,23
4313,22936,87,44
4314,22935,9,5
4315,22933,45,23
4316,21120,27,14
4317,22934,45,23
4318,22826,78,39
4319,22861,66,33
4320,22723,29,15
4321,22720,17,9
4322,22721,30,15
4323,22970,85,43
4324,22971,66,33
4325,23231,83,42
4326,23230,72,36
4327,85231g,65,33
4328,22967,79,40
4329,22957,66,33
4330,23233,57,29
4331,23232,8,4
4332,23166,28,14
4333,37413,89,45
4334,79063D,19,10
4335,17028J,43,22
4336,84509b,58,29
4337,79063C,17,9
4338,79062D,54,27
4339,22989,83,42
4340,22990,78,39
4341,22980,87,44
4342,22993,62,31
4343,23006,49,25
4344,23004,18,9
4345,23002,66,33
4346,23003,65,33
4347,23000,83,42
4348,22994,2,1
4349,22998,14,7
4350,22991,25,13
4351,22992,77,39
4352,22999,67,34
4353,22995,74,37
4354,22996,75,38
4355,22978,40,20
4356,22997,8,4
4357,23005,53,27
4358,23182,21,11
4359,22979,22,11
4360,23177,4,2
4361,23193,51,26
4362,23194,77,39
4363,23176,64,32
4364,22982,16,8
4365,23126,61,31
4366,23127,11,6
4367,23128,85,43
4368,23183,53,27
4369,23179,15,8
4370,23178,3,2
4371,22981,14,7
4372,23180,47,24
4373,23049,58,29
4374,23053,40,20
4375,23054,36,18
4376,23050,58,29
4377,23052,42,21
4378,23051,69,35
4379,23185,31,16
4380,23184,61,31
4381,23181,61,31
4382,23187,26,13
4383,23186,4,2
4384,23010,1,1
4385,23007,18,9
4386,23009,2,1
4387,23008,73,37
4388,23348,36,18
4389,23077,7,4
4390,23076,72,36
4391,23078,8,4
4392,23159,40,20
4393,23154,87,44
4394,23156,21,11
4395,23155,51,26
4396,23158,53,27
4397,85049d,34,17
4398,23157,3,2
4399,23254,44,22
4400,23256,51,26
4401,23255,23,12
4402,90025A,72,36
4403,37487B,16,8
4404,23205,66,33
4405,23201,35,18
4406,23207,87,44
4407,23199,37,19
4408,23206,63,32
4409,23204,73,37
4410,23208,81,41
4411,23065,80,40
4412,23060,4,2
4413,23057,64,32
4414,23253,31,16
4415,23066,18,9
4416,23068,51,26
4417,23075,38,19
4418,23153,85,43
4419,23073,62,31
4420,23146,67,34
4421,23061,37,19
4422,23055,53,27
4423,23056,52,26
4424,23140,61,31
4425,23141,35,18
4426,23135,39,20
4427,23132,52,26
4428,23071,15,8
4429,23152,19,10
4430,23134,26,13
4431,23133,12,6
4432,23147,54,27
4433,23148,78,39
4434,23144,65,33
4435,23142,61,31
4436,23136,83,42
4437,23139,19,10
4438,23138,60,30
4439,23150,31,16
4440,23145,30,15
4441,23137,38,19
4442,23069,10,5
4443,23131,67,34
4444,23067,39,20
4445,23163,78,39
4446,23284,45,23
4447,23283,34,17
4448,23162,70,35
4449,23048,4,2
4450,23042,39,20
4451,23041,28,14
4452,23040,9,5
4453,23064,42,21
4454,23130,83,42
4455,23160,54,27
4456,23161,20,10
4457,23164,72,36
4458,23149,76,38
4459,23143,83,42
4460,23299,19,10
4461,23298,54,27
4462,23070,64,32
4463,23151,58,29
4464,23043,53,27
4465,23045,42,21
4466,23200,58,29
4467,23202,72,36
4468,23203,50,25
4469,23209,50,25
4470,23072,34,17
4471,23046,22,11
4472,23047,33,17
4473,23044,8,4
4474,23282,75,38
4475,23280,85,43
4476,23190,78,39
4477,23191,21,11
4478,23192,69,35
4479,23175,43,22
4480,23174,81,41
4481,23173,24,12
4482,23172,17,9
4483,23171,40,20
4484,23170,28,14
4485,23081,22,11
4486,23084,64,32
4487,23281,82,41
4488,84509g,14,7
4489,23118,76,38
4490,23096,72,36
4491,23091,45,23
4492,23094,11,6
4493,23108,3,2
4494,23080,28,14
4495,23110,25,13
4496,23100,45,23
4497,23102,45,23
4498,23082,36,18
4499,23093,15,8
4500,23109,40,20
4501,23103,26,13
4502,23112,68,34
4503,23111,39,20
4504,23079,63,32
4505,23167,35,18
4506,23104,39,20
4507,23168,5,3
4508,23169,85,43
4509,23165,31,16
4510,23101,72,36
4511,23089,61,31
4512,23107,42,21
4513,23088,87,44
4514,23106,8,4
4515,23087,55,28
4516,23083,55,28
4517,23301,61,31
4518,23300,44,22
4519,23302,59,30
4520,23090,17,9
4521,23092,61,31
4522,23085,19,10
4523,23099,82,41
4524,23086,67,34
4525,23129,89,45
4526,23444,31,16
4527,85034a,33,17
4528,23228,31,16
4529,84596l,48,24
4530,23227,87,44
4531,23226,49,25
4532,23221,41,21
4533,23214,47,24
4534,23215,40,20
4535,23210,78,39
4536,23213,47,24
4537,23212,30,15
4538,23219,62,31
4539,23224,43,22
4540,23211,75,38
4541,23216,51,26
4542,23217,54,27
4543,23225,3,2
4544,23275,63,32
4545,23263,78,39
4546,23309,24,12
4547,23270,26,13
4548,23307,19,10
4549,23306,60,30
4550,23308,51,26
4551,23273,80,40
4552,23274,18,9
4553,23240,87,44
4554,23238,87,44
4555,23243,55,28
4556,23245,57,29
4557,23239,68,34
4558,23236,50,25
4559,23235,80,40
4560,23241,61,31
4561,23242,78,39
4562,23247,29,15
4563,23244,14,7
4564,23237,41,21
4565,23310,18,9
4566,23321,7,4
4567,23220,73,37
4568,23264,30,15
4569,23265,73,37
4570,23266,59,30
4571,23269,44,22
4572,23268,42,21
4573,23252,75,38
4574,23322,63,32
4575,23286,65,33
4576,23338,41,21
4577,23285,68,34
4578,23288,11,6
4579,23343,83,42
4580,23271,68,34
4581,23335,38,19
4582,23339,64,32
4583,23336,52,26
4584,23337,82,41
4585,23292,63,32
4586,23291,32,16
4587,23289,19,10
4588,23290,28,14
4589,23287,82,41
4590,23188,1,1
4591,23251,65,33
4592,23249,10,5
4593,23250,53,27
4594,23229,5,3
4595,23234,50,25
4596,23012,70,35
4597,23014,77,39
4598,23035,62,31
4599,23020,37,19
4600,23032,8,4
4601,23028,21,11
4602,23031,68,34
4603,23029,52,26
4604,23033,32,16
4605,23034,31,16
4606,23013,63,32
4607,23344,63,32
4608,23022,27,14
4609,23016,28,14
4610,23026,14,7
4611,23119,72,36
4612,23015,4,2
4613,23123,20,10
4614,23122,81,41
4615,23120,5,3
4616,23121,1,1
4617,23124,49,25
4618,23125,42,21
4619,23039,30,15
4620,23021,62,31
4621,23023,61,31
4622,23019,46,23
4623,23272,45,23
4624,23036,70,35
4625,23198,46,23
4626,23027,72,36
4627,23024,12,6
4628,23223,72,36
4629,23222,50,25
4630,84387A,34,17
4631,23197,16,8
4632,23196,56,28
4633,23267,59,30
4634,23323,51,26
4635,23315,72,36
4636,23316,13,7
4637,23342,38,19
4638,23341,48,24
4639,23037,72,36
4640,23317,83,42
4641,23017,73,37
4642,23018,46,23
4643,23025,73,37
4644,23574,53,27
4645,23318,51,26
4646,84857B,38,19
4647,23320,67,34
4648,23001,71,36
4649,23319,74,37
4650,23038,43,22
4651,85036a,46,23
4652,23313,1,1
4653,23296,82,41
4654,23294,73,37
4655,23293,11,6
4656,23295,56,28
4657,23297,72,36
4658,23311,69,35
4659,23314,3,2
4660,23312,71,36
4661,23550,10,5
4662,23218,57,29
4663,23549,66,33
4664,23546,21,11
4665,23545,41,21
4666,23547,69,35
4667,23548,77,39
4668,16169E,38,19
4669,35819P,42,21
4670,23346,7,4
4671,23345,75,38
4672,23347,77,39
4673,23340,60,30
4674,23360,47,24
4675,23359,67,34
4676,23373,62,31
4677,23436,52,26
4678,23353,19,10
4679,23354,2,1
4680,23374,41,21
4681,23438,34,17
4682,23189,24,12
4683,23349,54,27
4684,23350,45,23
4685,23352,43,22
4686,23351,67,34
4687,23324,68,34
4688,23332,16,8
4689,23329,33,17
4690,23330,64,32
4691,23334,17,9
4692,23333,72,36
4693,23328,76,38
4694,23331,4,2
4695,23327,25,13
4696,23326,68,34
4697,23325,15,8
4698,23357,63,32
4699,23358,38,19
4700,23375,61,31
4701,23356,6,3
4702,23355,47,24
4703,90176E,47,24
4704,23437,70,35
4705,23445,29,15
4706,23439,78,39
4707,23431,15,8
4708,23433,26,13
4709,23432,5,3
4710,23376,20,10
4711,23378,65,33
4712,23551,71,36
4713,23620,49,25
4714,23623,72,36
4715,23634,4,2
4716,23396,42,21
4717,23395,5,3
4718,23394,71,36
4719,23407,38,19
4720,23393,35,18
4721,23427,23,12
4722,23397,5,3
4723,23377,10,5
4724,23399,20,10
4725,23411,56,28
4726,23398,28,14
4727,23425,4,2
4728,23414,57,29
4729,23424,30,15
4730,23404,78,39
4731,23406,61,31
4732,23405,15,8
4733,23379,32,16
4734,23381,19,10
4735,23380,4,2
4736,23402,64,32
4737,23403,41,21
4738,23426,22,11
4739,23412,28,14
4740,23392,28,14
4741,23400,25,13
4742,23614,33,17
4743,23637,63,32
4744,23415,25,13
4745,23417,13,7
4746,23413,35,18
4747,23409,30,15
4748,23640,10,5
4749,23408,71,36
4750,23401,21,11
4751,23422,61,31
4752,23613,37,19
4753,23646,88,44
4754,23410,76,38
4755,23559,15,8
4756,23423,87,44
4757,23421,84,42
4758,23435,75,38
4759,23418,3,2
4760,23419,15,8
4761,23434,3,2
4762,23391,78,39
4763,23390,28,14
4764,23389,48,24
4765,23074,63,32
4766,23388,11,6
4767,23416,60,30
4768,23611,78,39
4769,23607,79,40
4770,23058,87,44
4771,23420,26,13
4772,23625,65,33
4773,23639,56,28
4774,23113,39,20
4775,35592T,86,43
4776,23629,82,41
4777,23630,43,22
4778,23503,6,3
4779,23366,34,17
4780,23367,13,7
4781,23504,83,42
4782,23371,49,25
4783,23506,3,2
4784,23502,28,14
4785,23370,79,40
4786,23493,85,43
4787,23365,4,2
4788,23369,35,18
4789,23520,11,6
4790,23511,29,15
4791,23517,76,38
4792,23368,72,36
4793,23505,32,16
4794,23372,45,23
4795,23512,40,20
4796,23515,54,27
4797,23514,27,14
4798,23518,77,39
4799,23510,34,17
4800,23508,30,15
4801,23509,19,10
4802,23507,55,28
4803,23513,66,33
4804,23624,6,3
4805,20678,16,8
4806,23610,73,37
4807,23601,86,43
4808,23632,63,32
4809,23516,88,44
4810,23519,49,25
4811,23494,42,21
4812,23638,42,21
4813,23650,7,4
4814,23461,19,10
4815,23466,19,10
4816,23469,78,39
4817,23484,69,35
4818,23114,80,40
4819,23117,61,31
4820,23115,63,32
4821,23471,27,14
4822,23116,27,14
4823,23644,8,4
4824,23472,16,8
4825,23470,5,3
4826,23524,28,14
4827,23535,38,19
4828,23534,52,26
4829,23541,18,9
4830,23525,5,3
4831,23532,37,19
4832,23539,86,43
4833,23522,42,21
4834,23526,26,13
4835,23533,85,43
4836,23542,11,6
4837,23528,41,21
4838,23543,61,31
4839,23530,83,42
4840,23538,35,18
4841,23521,1,1
4842,23523,84,42
4843,23531,10,5
4844,23527,52,26
4845,23483,20,10
4846,23529,57,29
4847,23536,84,42
4848,23544,57,29
4849,23540,82,41
4850,23537,60,30
4851,23604,77,39
4852,23626,13,7
4853,23500,56,28
4854,23465,65,33
4855,23501,80,40
4856,23605,33,17
4857,23619,73,37
4858,23635,10,5
4859,23612,78,39
4860,23468,20,10
4861,79157V,89,45
4862,23448,72,36
4863,23447,49,25
4864,23446,15,8
4865,23382,84,42
4866,23660,42,21
4867,23661,30,15
4868,23564,23,12
4869,23567,68,34
4870,23487,16,8
4871,23490,80,40
4872,23453,31,16
4873,23452,63,32
4874,23451,21,11
4875,23482,15,8
4876,23603,8,4
4877,23459,70,35
4878,23565,21,11
4879,23456,44,22
4880,23463,12,6
4881,23464,14,7
4882,23457,10,5
4883,23455,23,12
4884,23568,42,21
4885,84661b,54,27
4886,23566,20,10
4887,23467,2,1
4888,23479,30,15
4889,23481,53,27
4890,23458,21,11
4891,23579,54,27
4892,23702,2,1
4893,23558,21,11
4894,23556,66,33
4895,23554,54,27
4896,23557,48,24
4897,23555,15,8
4898,23480,20,10
4899,23553,1,1
4900,23489,67,34
4901,23491,67,34
4902,23492,20,10
4903,23477,63,32
4904,23478,59,30
4905,23476,39,20
4906,23486,48,24
4907,23473,37,19
4908,23460,55,28
4909,23462,48,24
4910,23499,35,18
4911,23485,44,22
4912,23570,44,22
4913,23454,2,1
4914,23571,30,15
4915,23569,88,44
4916,23305,53,27
4917,23474,47,24
4918,23636,70,35
4919,23582,23,12
4920,23583,49,25
4921,23581,2,1
4922,23595,87,44
4923,23303,38,19
4924,23475,18,9
4925,23615,84,42
4926,23645,39,20
4927,23654,58,29
4928,35600A,85,43
4929,23497,2,1
4930,23304,36,18
4931,23495,7,4
4932,23496,1,1
4933,23628,70,35
4934,23633,3,2
4935,23643,43,22
4936,46776a,34,17
4937,46776b,23,12
4938,46776e,23,12
4939,46776f,89,45
4940,47593b,57,29
4941,51014c,25,13
4942,84031a,68,34
4943,84031b,70,35
4944,90183c,14,7
4945,90184c,72,36
4946,23691,73,37
4947,23608,6,3
4948,23681,39,20
4949,23692,81,41
4950,23695,47,24
4951,23697,71,36
4952,23616,54,27
4953,23598,4,2
4954,23597,73,37
4955,23621,89,45
4956,23627,49,25
4957,23602,18,9
4958,23664,28,14
4959,23694,73,37
4960,23649,24,12
4961,23442,15,8
4962,23449,18,9
4963,23428,8,4
4964,23652,24,12
4965,23430,19,10
4966,23429,70,35
4967,23441,40,20
4968,72802c,49,25
4969,85049c,63,32
4970,23440,42,21
4971,23552,32,16
4972,23498,62,31
4973,84971l,25,13
4974,85034b,73,37
4975,23578,51,26
4976,23580,29,15
4977,23575,86,43
4978,23560,70,35
4979,23576,41,21
4980,23562,85,43
4981,23561,50,25
4982,23609,25,13
4983,23617,86,43
4984,23843,43,22
